-- --------------------------------------------------------
-- Host:                         127.0.0.1
-- Versión del servidor:         10.4.10-MariaDB - mariadb.org binary distribution
-- SO del servidor:              Win64
-- HeidiSQL Versión:             11.2.0.6213
-- --------------------------------------------------------

/*!40101 SET @OLD_CHARACTER_SET_CLIENT=@@CHARACTER_SET_CLIENT */;
/*!40101 SET NAMES utf8 */;
/*!50503 SET NAMES utf8mb4 */;
/*!40014 SET @OLD_FOREIGN_KEY_CHECKS=@@FOREIGN_KEY_CHECKS, FOREIGN_KEY_CHECKS=0 */;
/*!40101 SET @OLD_SQL_MODE=@@SQL_MODE, SQL_MODE='NO_AUTO_VALUE_ON_ZERO' */;
/*!40111 SET @OLD_SQL_NOTES=@@SQL_NOTES, SQL_NOTES=0 */;


-- Volcando estructura de base de datos para presupuestos_ventas
CREATE DATABASE IF NOT EXISTS `presupuestos_ventas` /*!40100 DEFAULT CHARACTER SET utf8 */;
USE `presupuestos_ventas`;

-- Volcando estructura para tabla presupuestos_ventas.admins
CREATE TABLE IF NOT EXISTS `admins` (
  `idUsu` int(11) NOT NULL AUTO_INCREMENT,
  `usuario` varchar(50) NOT NULL,
  `nombreUsu` varchar(100) NOT NULL,
  `password` varchar(60) NOT NULL DEFAULT '$2y$10$MPVHzZ2ZPOWmtUUGCq3RXu31OTB.jo7M9LZ7PmPQYmgETSNn19ejO',
  `mail` varchar(255) NOT NULL,
  `idPerfil` int(11) DEFAULT 1,
  PRIMARY KEY (`idUsu`),
  UNIQUE KEY `usuario` (`usuario`),
  KEY `FK_admins_perfil` (`idPerfil`),
  CONSTRAINT `FK_admins_perfil` FOREIGN KEY (`idPerfil`) REFERENCES `perfil` (`idPerfil`)
) ENGINE=InnoDB AUTO_INCREMENT=23 DEFAULT CHARSET=utf8;

-- Volcando datos para la tabla presupuestos_ventas.admins: ~2 rows (aproximadamente)
/*!40000 ALTER TABLE `admins` DISABLE KEYS */;
INSERT INTO `admins` (`idUsu`, `usuario`, `nombreUsu`, `password`, `mail`, `idPerfil`) VALUES
	(1, 'admin', 'Administrador', '$2y$12$lMYD8QGS6IoWip.1d3iYVeluoPAZssk2sMMRge/2eSnQXzgPFxcpq', 'sistemas2@bateriasecuador.com', 2),
	(3, 'prueba', 'Darwin Cumbajin', '$2y$10$MPVHzZ2ZPOWmtUUGCq3RXu31OTB.jo7M9LZ7PmPQYmgETSNn19ejO', 'cumbajindarwin@hotmail.com', 1);
/*!40000 ALTER TABLE `admins` ENABLE KEYS */;

-- Volcando estructura para tabla presupuestos_ventas.familia
CREATE TABLE IF NOT EXISTS `familia` (
  `codFam` varchar(50) NOT NULL,
  `desFam` varchar(50) DEFAULT NULL,
  `desFamilia` varchar(50) DEFAULT NULL,
  PRIMARY KEY (`codFam`)
) ENGINE=MyISAM DEFAULT CHARSET=utf8;

-- Volcando datos para la tabla presupuestos_ventas.familia: 6 rows
/*!40000 ALTER TABLE `familia` DISABLE KEYS */;
INSERT INTO `familia` (`codFam`, `desFam`, `desFamilia`) VALUES
	('AGUA', 'AGUAS DESMINERALIZADA', 'AGUAS DESMINERALIZADA'),
	('ANTI', 'ANTISULFATENTES', 'ANTISULFATENTES'),
	('BATE', 'BATERIAS AUTOMOTRICES', 'BATERIAS AUTOMOTRICES'),
	('PLUM', 'PLUMAS', 'PLUMAS'),
	('RECI', 'RECICLADOF', 'RECICLADOF'),
	('TRIT', 'TRITURADO', 'TRITURADO');
/*!40000 ALTER TABLE `familia` ENABLE KEYS */;

-- Volcando estructura para tabla presupuestos_ventas.historial_ventas
CREATE TABLE IF NOT EXISTS `historial_ventas` (
  `idHisVen` int(11) NOT NULL AUTO_INCREMENT,
  `anio` year(4) DEFAULT NULL,
  `ventasU` int(11) DEFAULT NULL,
  `promocionU` int(11) DEFAULT NULL,
  `garantiaU` int(11) DEFAULT NULL,
  `facturadoV` double DEFAULT NULL,
  `codVen` varchar(50) DEFAULT NULL,
  `codLinea` varchar(50) DEFAULT NULL,
  `generado` int(11) DEFAULT 0,
  PRIMARY KEY (`idHisVen`),
  KEY `FK_historialven_vendedor` (`codVen`),
  KEY `FK_historialven_listalinea` (`codLinea`),
  CONSTRAINT `FK_historialven_listalinea` FOREIGN KEY (`codLinea`) REFERENCES `listalinea` (`codLinea`),
  CONSTRAINT `FK_historialven_vendedor` FOREIGN KEY (`codVen`) REFERENCES `vendedor` (`codVen`)
) ENGINE=InnoDB AUTO_INCREMENT=247 DEFAULT CHARSET=utf8;

-- Volcando datos para la tabla presupuestos_ventas.historial_ventas: ~208 rows (aproximadamente)
/*!40000 ALTER TABLE `historial_ventas` DISABLE KEYS */;
INSERT INTO `historial_ventas` (`idHisVen`, `anio`, `ventasU`, `promocionU`, `garantiaU`, `facturadoV`, `codVen`, `codLinea`, `generado`) VALUES
	(39, '2020', 7, 0, 0, 561.98, '00', '201', 0),
	(40, '2020', 752, 51, 67, 44393.57, '15', '201', 0),
	(41, '2020', 5332, 0, 284, 501800.63, '18', '201', 0),
	(42, '2020', 610, 8, 228, 33798.62, '25', '201', 0),
	(43, '2020', 344, 12, 4, 23703.76, '28', '201', 0),
	(44, '2020', 927, 0, 35, 84619.9, '36', '201', 0),
	(45, '2020', 25610, 2071, 908, 1579108.87, '40', '201', 1),
	(46, '2020', 297, 0, 10, 26124.9, '50', '201', 0),
	(47, '2020', 686, 0, 11, 63443.91, '51', '201', 0),
	(48, '2020', 635, 0, 32, 54602.04, '52', '201', 0),
	(49, '2020', 1, 0, 0, 100.75, '57', '201', 0),
	(50, '2020', 603, 0, 146, 39204.68, '58', '201', 0),
	(51, '2020', 9171, 641, 371, 616326.19, '59', '201', 0),
	(52, '2020', 616, 0, 11, 54790.62, '62', '201', 0),
	(53, '2020', 12206, 827, 291, 836375.7, '63', '201', 0),
	(54, '2020', 7734, 580, 293, 501493.93, '65', '201', 0),
	(55, '2020', 27683, 1607, 672, 1535475.57, '66', '201', 1),
	(56, '2020', 1159, 0, 57, 98217.12, '67', '201', 0),
	(57, '2020', 538, 0, 8, 41888, '68', '201', 0),
	(58, '2020', 414, 0, 33, 39853.95, '70', '201', 0),
	(59, '2020', 2257, 0, 13, 238883.16, '71', '201', 0),
	(60, '2020', 16011, 1136, 621, 999755.34, '75', '201', 0),
	(61, '2020', 977, 73, 26, 73873.47, '76', '201', 0),
	(62, '2020', 2611, 28, 14, 266423.98, '79', '201', 0),
	(63, '2020', 2231, 84, 24, 174813.91, '80', '201', 0),
	(64, '2020', 7920, 524, 215, 608466.39, '82', '201', 0),
	(65, '2020', 786, 0, 16, 73211.83, '83', '201', 0),
	(66, '2020', 30, 0, 0, 2495.29, '84', '201', 0),
	(67, '2020', 468, 0, 10, 42327.62, '85', '201', 0),
	(68, '2020', 392, 0, 14, 31175.52, '88', '201', 0),
	(69, '2020', 586, 1, 22, 46990.61, '89', '201', 0),
	(70, '2020', 924, 7, 39, 77282.07, '90', '201', 0),
	(71, '2020', 759, 0, 20, 57205.79, '91', '201', 0),
	(72, '2020', 1097, 0, 64, 91094.27, '92', '201', 0),
	(73, '2020', 58017, 3689, 1658, 3307345.93, '93', '201', 1),
	(74, '2020', 1194, 36, 33, 95472.07, '94', '201', 0),
	(75, '2020', 1, 0, 0, 121.97, '95', '201', 0),
	(76, '2020', 298, 0, 10, 24224.06, '97', '201', 0),
	(77, '2020', 1, 0, 0, 71.5, '98', '201', 0),
	(78, '2020', 2363, 0, 1, 178214.24, '100', '201', 0),
	(79, '2020', 321, 0, 15, 27319.57, '102', '201', 0),
	(80, '2020', 423, 14, 6, 28869.27, '104', '201', 0),
	(81, '2020', 471, 0, 33, 39292.98, '130', '201', 0),
	(82, '2020', 1, 0, 0, 98.21, '140', '201', 0),
	(83, '2020', 93, 0, 1, 9220.21, '150', '201', 0),
	(84, '2020', 0, 0, 0, 0, '190', '201', 0),
	(85, '2020', 5990, 0, 4, 329580.79, '210', '201', 0),
	(86, '2020', 2832, 253, 41, 174937.14, '220', '201', 0),
	(87, '2020', 5, 0, 1, 329.13, '221', '201', 0),
	(88, '2020', 8, 0, 0, 714.02, '225', '201', 0),
	(89, '2020', 5, 0, 0, 340.29, '255', '201', 0),
	(90, '2020', 52, 0, 0, 4607.9, '310', '201', 0),
	(91, '2020', 0, 0, 0, 0, '00', '218', 0),
	(92, '2020', 11, 0, 0, 876.69, '15', '218', 0),
	(93, '2020', 171, 0, 13, 15901.23, '18', '218', 0),
	(94, '2020', 3, 0, 0, 317, '25', '218', 0),
	(95, '2020', 8, 0, 0, 670.45, '28', '218', 0),
	(96, '2020', 30, 0, 0, 2818.43, '36', '218', 0),
	(97, '2020', 633, 81, 13, 37402.45, '40', '218', 0),
	(98, '2020', 45, 0, 1, 3580.96, '50', '218', 0),
	(99, '2020', 72, 0, 0, 7037.1, '51', '218', 0),
	(100, '2020', 90, 0, 0, 7848.38, '52', '218', 0),
	(101, '2020', 0, 0, 0, 0, '57', '218', 0),
	(102, '2020', 24, 0, 0, 1975.77, '58', '218', 0),
	(103, '2020', 1152, 133, 7, 71168.71, '59', '218', 0),
	(104, '2020', 21, 0, 0, 1788.89, '62', '218', 0),
	(105, '2020', 1897, 184, 27, 117439.01, '63', '218', 0),
	(106, '2020', 225, 16, 6, 11785.45, '65', '218', 0),
	(107, '2020', 11651, 1181, 255, 620389.98, '66', '218', 0),
	(108, '2020', 12, 0, 0, 1009.64, '67', '218', 0),
	(109, '2020', 34, 0, 1, 2906.11, '68', '218', 0),
	(110, '2020', 37, 0, 0, 3516.48, '70', '218', 0),
	(111, '2020', 59, 0, 0, 6288.45, '71', '218', 0),
	(112, '2020', 339, 46, 11, 16896.36, '75', '218', 0),
	(113, '2020', 0, 0, 0, 0, '76', '218', 0),
	(114, '2020', 363, 0, 1, 24288.17, '79', '218', 0),
	(115, '2020', 29, 1, 0, 2362.64, '80', '218', 0),
	(116, '2020', 1319, 89, 7, 86388.92, '82', '218', 0),
	(117, '2020', 109, 0, 1, 10496.39, '83', '218', 0),
	(118, '2020', 1, 0, 0, 88, '84', '218', 0),
	(119, '2020', 36, 0, 1, 2763.58, '85', '218', 0),
	(120, '2020', 12, 0, 0, 914.37, '88', '218', 0),
	(121, '2020', 55, 0, 1, 4313.08, '89', '218', 0),
	(122, '2020', 43, 0, 2, 3450.38, '90', '218', 0),
	(123, '2020', 75, 0, 0, 6079.25, '91', '218', 0),
	(124, '2020', 17, 0, 2, 1224.81, '92', '218', 0),
	(125, '2020', 513, 20, 9, 26053.94, '93', '218', 0),
	(126, '2020', 20, 0, 0, 1862.15, '94', '218', 0),
	(127, '2020', 0, 0, 0, 0, '95', '218', 0),
	(128, '2020', 26, 0, 0, 2350.11, '97', '218', 0),
	(129, '2020', 0, 0, 0, 0, '98', '218', 0),
	(130, '2020', 5, 0, 0, 1131.5, '100', '218', 0),
	(131, '2020', 52, 0, 0, 5076.09, '102', '218', 0),
	(132, '2020', 1, 0, 0, 85.8, '104', '218', 0),
	(133, '2020', 24, 0, 3, 1795.6, '130', '218', 0),
	(134, '2020', 0, 0, 0, 0, '140', '218', 0),
	(135, '2020', 0, 0, 0, 0, '150', '218', 0),
	(136, '2020', 0, 0, 0, 0, '190', '218', 0),
	(137, '2020', 0, 0, 0, 0, '210', '218', 0),
	(138, '2020', 0, 0, 0, 0, '220', '218', 0),
	(139, '2020', 0, 0, 0, 0, '221', '218', 0),
	(140, '2020', 0, 0, 0, 0, '225', '218', 0),
	(141, '2020', 0, 0, 0, 0, '255', '218', 0),
	(142, '2020', 20, 0, 0, 1558.61, '310', '218', 0),
	(143, '2020', 1, 0, 0, 154.7, '00', '213', 0),
	(144, '2020', 164, 0, 13, 13147.43, '15', '213', 0),
	(145, '2020', 269, 0, 15, 27252.52, '18', '213', 0),
	(146, '2020', 69, 3, 15, 4200.04, '25', '213', 0),
	(147, '2020', 28, 0, 0, 1972.11, '28', '213', 0),
	(148, '2020', 168, 0, 12, 13863.87, '36', '213', 0),
	(149, '2020', 301, 21, 20, 16483.08, '40', '213', 0),
	(150, '2020', 36, 0, 0, 2591.74, '50', '213', 0),
	(151, '2020', 62, 0, 0, 5054.6, '51', '213', 0),
	(152, '2020', 250, 0, 7, 21523.92, '52', '213', 0),
	(153, '2020', 0, 0, 0, 0, '57', '213', 0),
	(154, '2020', 92, 0, 9, 6443.01, '58', '213', 0),
	(155, '2020', 680, 44, 16, 35330.5, '59', '213', 0),
	(156, '2020', 49, 0, 0, 3429.35, '62', '213', 0),
	(157, '2020', 408, 39, 12, 24442.1, '63', '213', 0),
	(158, '2020', 1446, 87, 16, 69973.18, '65', '213', 0),
	(159, '2020', 69, 0, 0, 4136.78, '66', '213', 0),
	(160, '2020', 96, 0, 2, 9485.45, '67', '213', 0),
	(161, '2020', 99, 0, 0, 7660.4, '68', '213', 0),
	(162, '2020', 65, 0, 7, 5112.49, '70', '213', 0),
	(163, '2020', 46, 0, 0, 5185.67, '71', '213', 0),
	(164, '2020', 858, 65, 43, 45952.81, '75', '213', 0),
	(165, '2020', 158, 12, 2, 7740.4, '76', '213', 0),
	(166, '2020', 51, 0, 0, 4613.94, '79', '213', 0),
	(167, '2020', 252, 17, 3, 15728.19, '80', '213', 0),
	(168, '2020', 249, 29, 8, 15020.89, '82', '213', 0),
	(169, '2020', 99, 0, 1, 8814.59, '83', '213', 0),
	(170, '2020', 16, 0, 0, 1344.34, '84', '213', 0),
	(171, '2020', 84, 0, 0, 7621.61, '85', '213', 0),
	(172, '2020', 103, 0, 8, 6632.25, '88', '213', 0),
	(173, '2020', 192, 0, 6, 13408.82, '89', '213', 0),
	(174, '2020', 186, 4, 6, 16057.02, '90', '213', 0),
	(175, '2020', 183, 0, 3, 12633.37, '91', '213', 0),
	(176, '2020', 118, 0, 6, 9765.71, '92', '213', 0),
	(177, '2020', 3484, 213, 105, 183890.6, '93', '213', 0),
	(178, '2020', 141, 7, 1, 10604.49, '94', '213', 0),
	(179, '2020', 0, 0, 0, 0, '95', '213', 0),
	(180, '2020', 89, 0, 3, 7193.3, '97', '213', 0),
	(181, '2020', 0, 0, 0, 0, '98', '213', 0),
	(182, '2020', 12, 0, 0, 1443, '100', '213', 0),
	(183, '2020', 56, 0, 4, 4536.2, '102', '213', 0),
	(184, '2020', 0, 0, 0, 0, '104', '213', 0),
	(185, '2020', 43, 0, 4, 2767.13, '130', '213', 0),
	(186, '2020', 0, 0, 0, 0, '140', '213', 0),
	(187, '2020', 0, 0, 0, 0, '150', '213', 0),
	(188, '2020', 0, 0, 0, 0, '190', '213', 0),
	(189, '2020', 0, 0, 0, 0, '210', '213', 0),
	(190, '2020', 54, 6, 0, 2571, '220', '213', 0),
	(191, '2020', 0, 0, 0, 0, '221', '213', 0),
	(192, '2020', 7, 0, 0, 519.46, '225', '213', 0),
	(193, '2020', 4, 0, 0, 273.32, '255', '213', 0),
	(194, '2020', 29, 0, 0, 2195.82, '310', '213', 0),
	(195, '2020', 1, 0, 0, 90.95, '00', '301', 0),
	(196, '2020', 0, 0, 0, 0, '15', '301', 0),
	(197, '2020', 1, 0, 0, 103.2, '18', '301', 0),
	(198, '2020', 0, 0, 0, 0, '25', '301', 0),
	(199, '2020', 1, 0, 0, 73.96, '28', '301', 0),
	(200, '2020', 0, 0, 0, 0, '36', '301', 0),
	(201, '2020', 0, 0, 0, 0, '40', '301', 0),
	(202, '2020', 0, 0, 0, 0, '50', '301', 0),
	(203, '2020', 4, 0, 0, 355.45, '51', '301', 0),
	(204, '2020', 70, 0, 0, 5979.68, '52', '301', 0),
	(205, '2020', 0, 0, 0, 0, '57', '301', 0),
	(206, '2020', 0, 0, 0, 0, '58', '301', 0),
	(207, '2020', 0, 0, 0, 0, '59', '301', 0),
	(208, '2020', 4, 0, 0, 336.11, '62', '301', 0),
	(209, '2020', 0, 0, 0, 0, '63', '301', 0),
	(210, '2020', 0, 0, 0, 0, '65', '301', 0),
	(211, '2020', 0, 0, 0, 0, '66', '301', 0),
	(212, '2020', 0, 0, 0, 0, '67', '301', 0),
	(213, '2020', 1, 0, 0, 63.75, '68', '301', 0),
	(214, '2020', 0, 0, 0, 0, '70', '301', 0),
	(215, '2020', 0, 0, 0, 0, '71', '301', 0),
	(216, '2020', 0, 0, 0, 0, '75', '301', 0),
	(217, '2020', 0, 0, 0, 0, '76', '301', 0),
	(218, '2020', 0, 0, 0, 0, '79', '301', 0),
	(219, '2020', 0, 0, 0, 0, '80', '301', 0),
	(220, '2020', 0, 0, 0, 0, '82', '301', 0),
	(221, '2020', 80, 0, 0, 7419.15, '83', '301', 0),
	(222, '2020', 6, 0, 0, 531.1, '84', '301', 0),
	(223, '2020', 46, 0, 0, 3917.48, '85', '301', 0),
	(224, '2020', 62, 0, 0, 5123.08, '88', '301', 0),
	(225, '2020', 40, 0, 0, 3203.81, '89', '301', 0),
	(226, '2020', 90, 0, 0, 7397.15, '90', '301', 0),
	(227, '2020', 80, 0, 0, 6358.31, '91', '301', 0),
	(228, '2020', 0, 0, 0, 0, '92', '301', 0),
	(229, '2020', 0, 0, 0, 0, '93', '301', 0),
	(230, '2020', 134, 0, 0, 10578.94, '94', '301', 0),
	(231, '2020', 0, 0, 0, 0, '95', '301', 0),
	(232, '2020', 57, 0, 0, 4709.29, '97', '301', 0),
	(233, '2020', 0, 0, 0, 0, '98', '301', 0),
	(234, '2020', 0, 0, 0, 0, '100', '301', 0),
	(235, '2020', 47, 0, 0, 4080.48, '102', '301', 0),
	(236, '2020', 0, 0, 0, 0, '104', '301', 0),
	(237, '2020', 0, 0, 0, 0, '130', '301', 0),
	(238, '2020', 0, 0, 0, 0, '140', '301', 0),
	(239, '2020', 0, 0, 0, 0, '150', '301', 0),
	(240, '2020', 0, 0, 0, 0, '190', '301', 0),
	(241, '2020', 0, 0, 0, 0, '210', '301', 0),
	(242, '2020', 0, 0, 0, 0, '220', '301', 0),
	(243, '2020', 0, 0, 0, 0, '221', '301', 0),
	(244, '2020', 0, 0, 0, 0, '225', '301', 0),
	(245, '2020', 0, 0, 0, 0, '255', '301', 0),
	(246, '2020', 0, 0, 0, 0, '310', '301', 0);
/*!40000 ALTER TABLE `historial_ventas` ENABLE KEYS */;

-- Volcando estructura para tabla presupuestos_ventas.listalinea
CREATE TABLE IF NOT EXISTS `listalinea` (
  `codLinea` varchar(50) NOT NULL DEFAULT '0',
  `nomLinea` varchar(50) NOT NULL,
  `estadoLinea` binary(1) NOT NULL DEFAULT '1',
  `codFam` varchar(50) DEFAULT NULL,
  `codMarca` varchar(50) DEFAULT NULL,
  PRIMARY KEY (`codLinea`)
) ENGINE=InnoDB DEFAULT CHARSET=utf8;

-- Volcando datos para la tabla presupuestos_ventas.listalinea: ~16 rows (aproximadamente)
/*!40000 ALTER TABLE `listalinea` DISABLE KEYS */;
INSERT INTO `listalinea` (`codLinea`, `nomLinea`, `estadoLinea`, `codFam`, `codMarca`) VALUES
	('108', 'TRITURADO', _binary 0x30, 'TRIT', 'NAP'),
	('124', 'RECICLADORA REFINACION (exp)', _binary 0x30, 'RECI', 'NAP'),
	('201', 'BATERIAS ECUADOR', _binary 0x31, 'BATE', 'ECU'),
	('212', 'BATERIAS VELKO EXPORTACION', _binary 0x30, 'BATE', 'MOT'),
	('213', 'BATERIAS RUBIX', _binary 0x31, 'BATE', 'RUB'),
	('216', 'BATERIAS HELLA EXPORTACION', _binary 0x30, 'BATE', 'HEL'),
	('217', 'BATERIAS KOOR  EXPORTACION', _binary 0x30, 'BATE', 'MOT'),
	('218', 'BATERIAS HELLA', _binary 0x31, 'BATE', 'HEL'),
	('220', 'AGUA DESMINERALIZADA', _binary 0x30, 'AGUA', 'ECU'),
	('221', 'BATERIAS ELEKTRA', _binary 0x30, 'BATE', 'ELE'),
	('222', 'BATERIAS MOTOREX', _binary 0x30, 'BATE', 'MOT'),
	('224', 'BATERIAS HYDRAULAN', _binary 0x30, 'BATE', 'MOT'),
	('225', 'BATERIAS SUPPLY EXPORTACION', _binary 0x30, 'BATE', 'MOT'),
	('250', 'ANTISULFATANTES', _binary 0x30, 'ANTI', 'ECU'),
	('301', 'COMERCIAL BOSCH', _binary 0x30, 'BATE', 'BOS'),
	('315', 'PLUMAS HELLA', _binary 0x30, 'PLUM', 'HEL');
/*!40000 ALTER TABLE `listalinea` ENABLE KEYS */;

-- Volcando estructura para tabla presupuestos_ventas.marca
CREATE TABLE IF NOT EXISTS `marca` (
  `codMarca` varchar(50) NOT NULL,
  `desMarca` varchar(50) DEFAULT NULL,
  PRIMARY KEY (`codMarca`) USING BTREE
) ENGINE=MyISAM DEFAULT CHARSET=utf8;

-- Volcando datos para la tabla presupuestos_ventas.marca: 7 rows
/*!40000 ALTER TABLE `marca` DISABLE KEYS */;
INSERT INTO `marca` (`codMarca`, `desMarca`) VALUES
	('BOS', 'BOSCH'),
	('ECU', 'ECUADOR'),
	('ELE', 'ELEKTRA'),
	('HEL', 'HELLA'),
	('MOT', 'MOTOREX'),
	('NAP', 'TRITURADO'),
	('RUB', 'RUBIX');
/*!40000 ALTER TABLE `marca` ENABLE KEYS */;

-- Volcando estructura para tabla presupuestos_ventas.perfil
CREATE TABLE IF NOT EXISTS `perfil` (
  `idPerfil` int(11) NOT NULL AUTO_INCREMENT,
  `perfil` varchar(50) DEFAULT NULL,
  PRIMARY KEY (`idPerfil`)
) ENGINE=InnoDB AUTO_INCREMENT=3 DEFAULT CHARSET=utf8;

-- Volcando datos para la tabla presupuestos_ventas.perfil: ~2 rows (aproximadamente)
/*!40000 ALTER TABLE `perfil` DISABLE KEYS */;
INSERT INTO `perfil` (`idPerfil`, `perfil`) VALUES
	(1, 'user'),
	(2, 'admin');
/*!40000 ALTER TABLE `perfil` ENABLE KEYS */;

-- Volcando estructura para tabla presupuestos_ventas.presupuesto_anio
CREATE TABLE IF NOT EXISTS `presupuesto_anio` (
  `idPresAnio` int(11) NOT NULL AUTO_INCREMENT,
  `anio` year(4) NOT NULL,
  `ventasPresU` int(11) DEFAULT NULL,
  `promoPresU` int(11) DEFAULT NULL,
  `garantPresU` int(11) DEFAULT NULL,
  `totalPresU` int(11) DEFAULT NULL,
  `precioMeta` float DEFAULT NULL,
  `activoAnio` int(1) DEFAULT 1,
  `codVen` varchar(50) DEFAULT NULL,
  `codLinea` varchar(50) DEFAULT NULL,
  PRIMARY KEY (`idPresAnio`)
) ENGINE=InnoDB AUTO_INCREMENT=86 DEFAULT CHARSET=utf8;

-- Volcando datos para la tabla presupuestos_ventas.presupuesto_anio: ~85 rows (aproximadamente)
/*!40000 ALTER TABLE `presupuesto_anio` DISABLE KEYS */;
INSERT INTO `presupuesto_anio` (`idPresAnio`, `anio`, `ventasPresU`, `promoPresU`, `garantPresU`, `totalPresU`, `precioMeta`, `activoAnio`, `codVen`, `codLinea`) VALUES
	(1, '2019', 577, 0, 0, 577, 0, 0, '15', '201'),
	(2, '2019', 7806, 0, 0, 7806, 0, 0, '18', '201'),
	(3, '2019', 617, 0, 0, 617, 0, 0, '25', '201'),
	(4, '2019', 301, 0, 0, 301, 0, 0, '28', '201'),
	(5, '2019', 1636, 0, 0, 1636, 0, 0, '36', '201'),
	(6, '2019', 33491, 0, 0, 33491, 0, 0, '40', '201'),
	(7, '2019', 825, 0, 0, 825, 0, 0, '50', '201'),
	(8, '2019', 1744, 0, 0, 1744, 0, 0, '51', '201'),
	(9, '2019', 1155, 0, 0, 1155, 0, 0, '52', '201'),
	(10, '2019', 631, 0, 0, 631, 0, 0, '58', '201'),
	(11, '2019', 13344, 0, 0, 13344, 0, 0, '59', '201'),
	(12, '2019', 1286, 0, 0, 1286, 0, 0, '62', '201'),
	(13, '2019', 14633, 0, 0, 14633, 0, 0, '63', '201'),
	(14, '2019', 11272, 0, 0, 11272, 0, 0, '65', '201'),
	(15, '2019', 22299, 0, 0, 22299, 0, 0, '66', '201'),
	(16, '2019', 1317, 0, 0, 1317, 0, 0, '67', '201'),
	(17, '2019', 920, 0, 0, 920, 0, 0, '68', '201'),
	(18, '2019', 691, 0, 0, 691, 0, 0, '70', '201'),
	(19, '2019', 1438, 0, 0, 1438, 0, 0, '71', '201'),
	(20, '2019', 13315, 0, 0, 13315, 0, 0, '75', '201'),
	(21, '2019', 3127, 0, 0, 3127, 0, 0, '79', '201'),
	(22, '2019', 3386, 0, 0, 3386, 0, 0, '80', '201'),
	(23, '2019', 10667, 0, 0, 10667, 0, 0, '82', '201'),
	(24, '2019', 1235, 0, 0, 1235, 0, 0, '83', '201'),
	(25, '2019', 589, 0, 0, 589, 0, 0, '84', '201'),
	(26, '2019', 987, 0, 0, 987, 0, 0, '85', '201'),
	(27, '2019', 678, 0, 0, 678, 0, 0, '88', '201'),
	(28, '2019', 2327, 0, 0, 2327, 0, 0, '89', '201'),
	(29, '2019', 1312, 0, 0, 1312, 0, 0, '90', '201'),
	(30, '2019', 1241, 0, 0, 1241, 0, 0, '91', '201'),
	(31, '2019', 1419, 0, 0, 1419, 0, 0, '92', '201'),
	(32, '2019', 57819, 0, 0, 57819, 0, 0, '93', '201'),
	(33, '2019', 1788, 0, 0, 1788, 0, 0, '94', '201'),
	(34, '2019', 1, 0, 0, 1, 0, 0, '96', '201'),
	(35, '2019', 552, 0, 0, 552, 0, 0, '97', '201'),
	(36, '2019', 0, 0, 0, 0, 0, 0, '98', '201'),
	(37, '2019', 13645, 0, 0, 13645, 0, 0, '100', '201'),
	(38, '2019', 619, 0, 0, 619, 0, 0, '102', '201'),
	(39, '2019', 516, 0, 0, 516, 0, 0, '104', '201'),
	(40, '2019', 531, 0, 0, 531, 0, 0, '130', '201'),
	(41, '2019', 77, 0, 0, 77, 0, 0, '150', '201'),
	(42, '2019', 263, 0, 0, 263, 0, 0, '180', '201'),
	(43, '2019', 7200, 0, 0, 7200, 0, 0, '87', '213'),
	(44, '2019', 1800, 0, 0, 1800, 0, 0, '87', '218'),
	(45, '2020', 692, 32, 22, 745, 0, 1, '15', '201'),
	(46, '2020', 6410, 0, 153, 6564, 0, 1, '18', '201'),
	(47, '2020', 552, 12, 176, 740, 0, 1, '25', '201'),
	(48, '2020', 256, 0, 12, 265, 0, 1, '28', '201'),
	(49, '2020', 1153, 0, 24, 1174, 0, 1, '36', '201'),
	(50, '2020', 550, 0, 24, 573, 0, 1, '50', '201'),
	(51, '2020', 1094, 0, 12, 1106, 0, 1, '51', '201'),
	(52, '2020', 823, 0, 24, 844, 0, 1, '52', '201'),
	(53, '2020', 595, 0, 101, 696, 0, 1, '58', '201'),
	(54, '2020', 12345, 1138, 260, 13743, 0, 1, '59', '201'),
	(55, '2020', 883, 0, 8, 892, 0, 1, '62', '201'),
	(56, '2020', 13555, 1314, 242, 15112, 0, 1, '63', '201'),
	(57, '2020', 8779, 870, 212, 9860, 0, 1, '65', '201'),
	(58, '2020', 1302, 0, 57, 1359, 0, 1, '67', '201'),
	(59, '2020', 716, 0, 12, 731, 0, 1, '68', '201'),
	(60, '2020', 524, 0, 21, 545, 0, 1, '70', '201'),
	(61, '2020', 1769, 0, 18, 1787, 0, 1, '71', '201'),
	(62, '2020', 18941, 1803, 18, 21166, 0, 1, '75', '201'),
	(63, '2020', 0, 0, 0, 0, 0, 1, '76', '201'),
	(64, '2020', 4890, 19, 15, 4924, 0, 1, '79', '201'),
	(65, '2020', 2578, 120, 18, 2716, 0, 1, '80', '201'),
	(66, '2020', 8420, 691, 168, 9278, 0, 1, '82', '201'),
	(67, '2020', 969, 0, 8, 978, 0, 1, '83', '201'),
	(68, '2020', 0, 0, 0, 0, 0, 1, '84', '201'),
	(69, '2020', 730, 0, 4, 734, 0, 1, '85', '201'),
	(70, '2020', 486, 0, 11, 497, 0, 1, '88', '201'),
	(71, '2020', 1273, 3, 26, 1302, 0, 1, '89', '201'),
	(72, '2020', 1005, 0, 36, 1041, 0, 1, '90', '201'),
	(73, '2020', 917, 0, 19, 935, 0, 1, '91', '201'),
	(74, '2020', 1285, 0, 93, 935, 0, 1, '92', '201'),
	(75, '2020', 1266, 18, 15, 1300, 0, 1, '94', '201'),
	(76, '2020', 413, 0, 6, 419, 0, 1, '97', '201'),
	(77, '2020', 491, 0, 9, 501, 0, 1, '102', '201'),
	(78, '2020', 520, 20, 8, 548, 0, 1, '104', '201'),
	(79, '2020', 456, 0, 24, 479, 0, 1, '130', '201'),
	(80, '2020', 112, 0, 4, 116, 0, 1, '150', '201'),
	(81, '2020', 2548, 0, 3, 2551, 0, 1, '100', '201'),
	(82, '2020', 9251, 0, 2, 9252, 0, 1, '210', '201'),
	(83, '2020', 24999, 2319, 457, 27775, 0, 1, '40', '201'),
	(84, '2020', 28572, 601, 419, 29593, 0, 1, '66', '201'),
	(85, '2020', 57772, 5073, 1291, 65137, 0, 1, '93', '201'),
	(86, '2020', 28, 0, 1, 28, 0, 1, '15', '218'),
	(87, '2020', 256, 0, 6, 263, 0, 1, '18', '218'),
	(88, '2020', 22, 0, 0, 22, 0, 1, '25', '218'),
	(89, '2020', 12, 0, 0, 12, 0, 1, '28', '218'),
	(90, '2020', 46, 0, 0, 46, 0, 1, '36', '218'),
	(91, '2020', 22, 0, 0, 22, 0, 1, '50', '218'),
	(92, '2020', 44, 0, 1, 45, 0, 1, '51', '218'),
	(93, '2020', 33, 0, 1, 34, 0, 1, '52', '218'),
	(94, '2020', 24, 0, 0, 24, 0, 1, '58', '218'),
	(95, '2020', 494, 100, 12, 606, 0, 1, '59', '218'),
	(96, '2020', 35, 0, 1, 36, 0, 1, '62', '218'),
	(97, '2020', 542, 112, 14, 667, 0, 1, '63', '218'),
	(98, '2020', 351, 72, 9, 432, 0, 1, '65', '218'),
	(99, '2020', 52, 0, 1, 53, 0, 1, '67', '218'),
	(100, '2020', 29, 0, 1, 29, 0, 1, '68', '218'),
	(101, '2020', 21, 0, 1, 21, 0, 1, '70', '218'),
	(102, '2020', 71, 0, 2, 73, 0, 1, '71', '218'),
	(103, '2020', 759, 119, 19, 897, 0, 1, '75', '218'),
	(104, '2020', 0, 0, 0, 0, 0, 1, '76', '218'),
	(105, '2020', 196, 0, 5, 200, 0, 1, '79', '218'),
	(106, '2020', 103, 0, 3, 106, 0, 1, '80', '218'),
	(107, '2020', 337, 69, 8, 414, 0, 1, '82', '218'),
	(108, '2020', 39, 0, 1, 40, 0, 1, '83', '218'),
	(109, '2020', 0, 0, 0, 0, 0, 1, '84', '218'),
	(110, '2020', 29, 0, 1, 30, 0, 1, '85', '218'),
	(111, '2020', 19, 0, 1, 20, 0, 1, '88', '218'),
	(112, '2020', 51, 0, 1, 52, 0, 1, '89', '218'),
	(113, '2020', 40, 0, 1, 41, 0, 1, '90', '218'),
	(114, '2020', 37, 0, 1, 38, 0, 1, '91', '218'),
	(115, '2020', 51, 0, 1, 53, 0, 1, '92', '218'),
	(116, '2020', 51, 0, 1, 52, 0, 1, '94', '218'),
	(117, '2020', 17, 0, 0, 17, 0, 1, '97', '218'),
	(118, '2020', 20, 0, 0, 20, 0, 1, '102', '218'),
	(119, '2020', 21, 0, 0, 21, 0, 1, '104', '218'),
	(120, '2020', 18, 0, 1, 19, 0, 1, '130', '218'),
	(121, '2020', 18, 0, 1, 19, 0, 1, '150', '218'),
	(122, '2020', 0, 0, 0, 0, 0, 1, '100', '218'),
	(123, '2020', 0, 0, 0, 0, 0, 1, '210', '218'),
	(124, '2020', 993, 218, 25, 1236, 0, 1, '40', '218'),
	(125, '2020', 19007, 465, 482, 19954, 0, 1, '66', '218'),
	(126, '2020', 2355, 436, 59, 2850, 0, 1, '93', '218'),
	(127, '2020', 44, 0, 5, 49, 0, 1, '15', '213'),
	(128, '2020', 358, 0, 5, 363, 0, 1, '18', '213'),
	(129, '2020', 13, 0, 2, 15, 0, 1, '25', '213'),
	(130, '2020', 12, 0, 0, 12, 0, 1, '28', '213'),
	(131, '2020', 139, 0, 1, 140, 0, 1, '36', '213'),
	(132, '2020', 21, 0, 0, 21, 0, 1, '50', '213'),
	(133, '2020', 43, 0, 0, 43, 0, 1, '51', '213'),
	(134, '2020', 196, 0, 0, 196, 0, 1, '52', '213'),
	(135, '2020', 50, 0, 2, 52, 0, 1, '58', '213'),
	(136, '2020', 45, 71, 5, 510, 0, 1, '59', '213'),
	(137, '2020', 69, 0, 0, 69, 0, 1, '62', '213'),
	(138, '2020', 560, 78, 11, 650, 0, 1, '63', '213'),
	(139, '2020', 12, 0, 0, 12, 0, 1, '65', '213'),
	(140, '2020', 107, 0, 0, 107, 0, 1, '67', '213'),
	(141, '2020', 75, 0, 2, 77, 0, 1, '68', '213'),
	(142, '2020', 40, 0, 1, 41, 0, 1, '70', '213'),
	(143, '2020', 43, 0, 2, 45, 0, 1, '71', '213'),
	(144, '2020', 670, 120, 11, 802, 0, 1, '75', '213'),
	(145, '2020', 0, 0, 0, 0, 0, 1, '76', '213'),
	(146, '2020', 93, 0, 0, 93, 0, 1, '79', '213'),
	(147, '2020', 172, 15, 3, 191, 0, 1, '80', '213'),
	(148, '2020', 251, 50, 5, 305, 0, 1, '82', '213'),
	(149, '2020', 70, 0, 0, 70, 0, 1, '83', '213'),
	(150, '2020', 0, 0, 0, 0, 0, 1, '84', '213'),
	(151, '2020', 68, 0, 0, 68, 0, 1, '85', '213'),
	(152, '2020', 71, 0, 2, 73, 0, 1, '88', '213'),
	(153, '2020', 140, 0, 2, 142, 0, 1, '89', '213'),
	(154, '2020', 205, 0, 8, 213, 0, 1, '90', '213'),
	(155, '2020', 103, 0, 3, 106, 0, 1, '91', '213'),
	(156, '2020', 66, 0, 0, 66, 0, 1, '92', '213'),
	(157, '2020', 71, 2, 2, 75, 0, 1, '94', '213'),
	(158, '2020', 69, 0, 2, 71, 0, 1, '97', '213'),
	(159, '2020', 65, 0, 2, 67, 0, 1, '102', '213'),
	(160, '2020', 12, 0, 0, 12, 0, 1, '104', '213'),
	(161, '2020', 34, 0, 2, 36, 0, 1, '130', '213'),
	(162, '2020', 12, 0, 0, 12, 0, 1, '150', '213'),
	(163, '2020', 12, 0, 0, 12, 0, 1, '100', '213'),
	(164, '2020', 0, 0, 0, 0, 0, 1, '210', '213'),
	(165, '2020', 881, 69, 13, 963, 0, 1, '40', '213'),
	(166, '2020', 245, 0, 8, 253, 0, 1, '66', '213'),
	(167, '2020', 6766, 333, 150, 7248, 0, 1, '93', '213');
/*!40000 ALTER TABLE `presupuesto_anio` ENABLE KEYS */;

-- Volcando estructura para tabla presupuestos_ventas.presupuesto_mes
CREATE TABLE IF NOT EXISTS `presupuesto_mes` (
  `idPresMes` int(11) NOT NULL AUTO_INCREMENT,
  `idPresAnio` int(11) DEFAULT NULL,
  `mes` date DEFAULT NULL,
  `cantMesU` int(11) DEFAULT NULL,
  `cantPromoU` int(11) DEFAULT NULL,
  `cantGarantU` int(11) DEFAULT NULL,
  `cantTotalU` int(11) DEFAULT NULL,
  `presMesV` float DEFAULT NULL,
  `porcentaje` float DEFAULT NULL,
  PRIMARY KEY (`idPresMes`),
  KEY `FK_presupuesto_mes_presupuesto_anio` (`idPresAnio`),
  CONSTRAINT `FK_presupuesto_mes_presupuesto_anio` FOREIGN KEY (`idPresAnio`) REFERENCES `presupuesto_anio` (`idPresAnio`)
) ENGINE=InnoDB AUTO_INCREMENT=530 DEFAULT CHARSET=utf8;

-- Volcando datos para la tabla presupuestos_ventas.presupuesto_mes: ~529 rows (aproximadamente)
/*!40000 ALTER TABLE `presupuesto_mes` DISABLE KEYS */;
INSERT INTO `presupuesto_mes` (`idPresMes`, `idPresAnio`, `mes`, `cantMesU`, `cantPromoU`, `cantGarantU`, `cantTotalU`, `presMesV`, `porcentaje`) VALUES
	(1, 1, '2019-01-01', 48, 0, 0, 0, 0, 0),
	(2, 1, '2019-02-01', 43, 0, 0, 0, 0, 0),
	(3, 1, '2019-03-01', 48, 0, 0, 0, 0, 0),
	(4, 1, '2019-04-01', 47, 0, 0, 0, 0, 0),
	(5, 1, '2019-05-01', 47, 0, 0, 0, 0, 0),
	(6, 1, '2019-06-01', 49, 0, 0, 0, 0, 0),
	(7, 1, '2019-07-01', 51, 0, 0, 0, 0, 0),
	(8, 1, '2019-08-01', 57, 0, 0, 0, 0, 0),
	(9, 1, '2019-09-01', 47, 0, 0, 0, 0, 0),
	(10, 1, '2019-10-01', 47, 0, 0, 0, 0, 0),
	(11, 1, '2019-11-01', 47, 0, 0, 0, 0, 0),
	(12, 1, '2019-12-01', 46, 0, 0, 0, 0, 0),
	(13, 2, '2019-01-01', 661, 0, 0, 0, 1407240, 0),
	(14, 2, '2019-02-01', 589, 0, 0, 0, 1332280, 0),
	(15, 2, '2019-03-01', 661, 0, 0, 0, 1370540, 0),
	(16, 2, '2019-04-01', 645, 0, 0, 0, 1356220, 0),
	(17, 2, '2019-05-01', 649, 0, 0, 0, 1408920, 0),
	(18, 2, '2019-06-01', 675, 0, 0, 0, 1294790, 0),
	(19, 2, '2019-07-01', 705, 0, 0, 0, 1320440, 0),
	(20, 2, '2019-08-01', 644, 0, 0, 0, 1278570, 0),
	(21, 2, '2019-09-01', 644, 0, 0, 0, 1236270, 0),
	(22, 2, '2019-10-01', 647, 0, 0, 0, 1231020, 0),
	(23, 2, '2019-11-01', 653, 0, 0, 0, 1233020, 0),
	(24, 2, '2019-12-01', 633, 0, 0, 0, 1299500, 0),
	(25, 3, '2019-01-01', 52, 0, 0, 0, 0, 0),
	(26, 3, '2019-02-01', 47, 0, 0, 0, 0, 0),
	(27, 3, '2019-03-01', 52, 0, 0, 0, 0, 0),
	(28, 3, '2019-04-01', 51, 0, 0, 0, 0, 0),
	(29, 3, '2019-05-01', 51, 0, 0, 0, 0, 0),
	(30, 3, '2019-06-01', 53, 0, 0, 0, 0, 0),
	(31, 3, '2019-07-01', 56, 0, 0, 0, 0, 0),
	(32, 3, '2019-08-01', 51, 0, 0, 0, 0, 0),
	(33, 3, '2019-09-01', 51, 0, 0, 0, 0, 0),
	(34, 3, '2019-10-01', 51, 0, 0, 0, 0, 0),
	(35, 3, '2019-11-01', 52, 0, 0, 0, 0, 0),
	(36, 3, '2019-12-01', 50, 0, 0, 0, 0, 0),
	(37, 4, '2019-01-01', 26, 0, 0, 0, 0, 0),
	(38, 4, '2019-02-01', 24, 0, 0, 0, 0, 0),
	(39, 4, '2019-03-01', 26, 0, 0, 0, 0, 0),
	(40, 4, '2019-04-01', 26, 0, 0, 0, 0, 0),
	(41, 4, '2019-05-01', 26, 0, 0, 0, 0, 0),
	(42, 4, '2019-06-01', 27, 0, 0, 0, 0, 0),
	(43, 4, '2019-07-01', 28, 0, 0, 0, 0, 0),
	(44, 4, '2019-08-01', 26, 0, 0, 0, 0, 0),
	(45, 4, '2019-09-01', 26, 0, 0, 0, 0, 0),
	(46, 4, '2019-10-01', 26, 0, 0, 0, 0, 0),
	(47, 4, '2019-11-01', 26, 0, 0, 0, 0, 0),
	(48, 4, '2019-12-01', 24, 0, 0, 0, 0, 0),
	(49, 5, '2019-01-01', 139, 0, 0, 0, 0, 0),
	(50, 5, '2019-02-01', 123, 0, 0, 0, 0, 0),
	(51, 5, '2019-03-01', 138, 0, 0, 0, 0, 0),
	(52, 5, '2019-04-01', 135, 0, 0, 0, 0, 0),
	(53, 5, '2019-05-01', 136, 0, 0, 0, 0, 0),
	(54, 5, '2019-06-01', 141, 0, 0, 0, 0, 0),
	(55, 5, '2019-07-01', 148, 0, 0, 0, 0, 0),
	(56, 5, '2019-08-01', 135, 0, 0, 0, 0, 0),
	(57, 5, '2019-09-01', 135, 0, 0, 0, 0, 0),
	(58, 5, '2019-10-01', 136, 0, 0, 0, 0, 0),
	(59, 5, '2019-11-01', 137, 0, 0, 0, 0, 0),
	(60, 5, '2019-12-01', 133, 0, 0, 0, 0, 0),
	(61, 6, '2019-01-01', 3278, 0, 0, 0, 0, 0),
	(62, 6, '2019-02-01', 2919, 0, 0, 0, 0, 0),
	(63, 6, '2019-03-01', 2149, 0, 0, 0, 0, 0),
	(64, 6, '2019-04-01', 2072, 0, 0, 0, 0, 0),
	(65, 6, '2019-05-01', 2093, 0, 0, 0, 0, 0),
	(66, 6, '2019-06-01', 2222, 0, 0, 0, 0, 0),
	(67, 6, '2019-07-01', 2370, 0, 0, 0, 0, 0),
	(68, 6, '2019-08-01', 3183, 0, 0, 0, 0, 0),
	(69, 6, '2019-09-01', 3342, 0, 0, 0, 0, 0),
	(70, 6, '2019-10-01', 3366, 0, 0, 0, 0, 0),
	(71, 6, '2019-11-01', 3382, 0, 0, 0, 0, 0),
	(72, 6, '2019-12-01', 3115, 0, 0, 0, 0, 0),
	(73, 7, '2019-01-01', 70, 0, 0, 0, 0, 0),
	(74, 7, '2019-02-01', 62, 0, 0, 0, 0, 0),
	(75, 7, '2019-03-01', 70, 0, 0, 0, 0, 0),
	(76, 7, '2019-04-01', 68, 0, 0, 0, 0, 0),
	(77, 7, '2019-05-01', 69, 0, 0, 0, 0, 0),
	(78, 7, '2019-06-01', 71, 0, 0, 0, 0, 0),
	(79, 7, '2019-07-01', 74, 0, 0, 0, 0, 0),
	(80, 7, '2019-08-01', 68, 0, 0, 0, 0, 0),
	(81, 7, '2019-09-01', 68, 0, 0, 0, 0, 0),
	(82, 7, '2019-10-01', 69, 0, 0, 0, 0, 0),
	(83, 7, '2019-11-01', 69, 0, 0, 0, 0, 0),
	(84, 7, '2019-12-01', 67, 0, 0, 0, 0, 0),
	(85, 8, '2019-01-01', 148, 0, 0, 0, 0, 0),
	(86, 8, '2019-02-01', 131, 0, 0, 0, 0, 0),
	(87, 8, '2019-03-01', 147, 0, 0, 0, 0, 0),
	(88, 8, '2019-04-01', 144, 0, 0, 0, 0, 0),
	(89, 8, '2019-05-01', 145, 0, 0, 0, 0, 0),
	(90, 8, '2019-06-01', 151, 0, 0, 0, 0, 0),
	(91, 8, '2019-07-01', 158, 0, 0, 0, 0, 0),
	(92, 8, '2019-08-01', 144, 0, 0, 0, 0, 0),
	(93, 8, '2019-09-01', 144, 0, 0, 0, 0, 0),
	(94, 8, '2019-10-01', 145, 0, 0, 0, 0, 0),
	(95, 8, '2019-11-01', 146, 0, 0, 0, 0, 0),
	(96, 8, '2019-12-01', 141, 0, 0, 0, 0, 0),
	(97, 9, '2019-01-01', 95, 0, 0, 0, 0, 0),
	(98, 9, '2019-02-01', 85, 0, 0, 0, 0, 0),
	(99, 9, '2019-03-01', 95, 0, 0, 0, 0, 0),
	(100, 9, '2019-04-01', 93, 0, 0, 0, 0, 0),
	(101, 9, '2019-05-01', 93, 0, 0, 0, 0, 0),
	(102, 9, '2019-06-01', 102, 0, 0, 0, 0, 0),
	(103, 9, '2019-07-01', 107, 0, 0, 0, 0, 0),
	(104, 9, '2019-08-01', 98, 0, 0, 0, 0, 0),
	(105, 9, '2019-09-01', 98, 0, 0, 0, 0, 0),
	(106, 9, '2019-10-01', 99, 0, 0, 0, 0, 0),
	(107, 9, '2019-11-01', 99, 0, 0, 0, 0, 0),
	(108, 9, '2019-12-01', 91, 0, 0, 0, 0, 0),
	(109, 10, '2019-01-01', 53, 0, 0, 0, 0, 0),
	(110, 10, '2019-02-01', 48, 0, 0, 0, 0, 0),
	(111, 10, '2019-03-01', 53, 0, 0, 0, 0, 0),
	(112, 10, '2019-04-01', 52, 0, 0, 0, 0, 0),
	(113, 10, '2019-05-01', 52, 0, 0, 0, 0, 0),
	(114, 10, '2019-06-01', 55, 0, 0, 0, 0, 0),
	(115, 10, '2019-07-01', 57, 0, 0, 0, 0, 0),
	(116, 10, '2019-08-01', 52, 0, 0, 0, 0, 0),
	(117, 10, '2019-09-01', 52, 0, 0, 0, 0, 0),
	(118, 10, '2019-10-01', 53, 0, 0, 0, 0, 0),
	(119, 10, '2019-11-01', 53, 0, 0, 0, 0, 0),
	(120, 10, '2019-12-01', 52, 0, 0, 0, 0, 0),
	(121, 11, '2019-01-01', 1104, 0, 0, 0, 0, 0),
	(122, 11, '2019-02-01', 983, 0, 0, 0, 0, 0),
	(123, 11, '2019-03-01', 1305, 0, 0, 0, 0, 0),
	(124, 11, '2019-04-01', 1279, 0, 0, 0, 0, 0),
	(125, 11, '2019-05-01', 1286, 0, 0, 0, 0, 0),
	(126, 11, '2019-06-01', 1330, 0, 0, 0, 0, 0),
	(127, 11, '2019-07-01', 1379, 0, 0, 0, 0, 0),
	(128, 11, '2019-08-01', 949, 0, 0, 0, 0, 0),
	(129, 11, '2019-09-01', 949, 0, 0, 0, 0, 0),
	(130, 11, '2019-10-01', 958, 0, 0, 0, 0, 0),
	(131, 11, '2019-11-01', 965, 0, 0, 0, 0, 0),
	(132, 11, '2019-12-01', 857, 0, 0, 0, 0, 0),
	(133, 12, '2019-01-01', 108, 0, 0, 0, 0, 0),
	(134, 12, '2019-02-01', 96, 0, 0, 0, 0, 0),
	(135, 12, '2019-03-01', 108, 0, 0, 0, 0, 0),
	(136, 12, '2019-04-01', 105, 0, 0, 0, 0, 0),
	(137, 12, '2019-05-01', 106, 0, 0, 0, 0, 0),
	(138, 12, '2019-06-01', 112, 0, 0, 0, 0, 0),
	(139, 12, '2019-07-01', 117, 0, 0, 0, 0, 0),
	(140, 12, '2019-08-01', 107, 0, 0, 0, 0, 0),
	(141, 12, '2019-09-01', 107, 0, 0, 0, 0, 0),
	(142, 12, '2019-10-01', 108, 0, 0, 0, 0, 0),
	(143, 12, '2019-11-01', 109, 0, 0, 0, 0, 0),
	(144, 12, '2019-12-01', 103, 0, 0, 0, 0, 0),
	(145, 13, '2019-01-01', 1152, 0, 0, 0, 0, 0),
	(146, 13, '2019-02-01', 1025, 0, 0, 0, 0, 0),
	(147, 13, '2019-03-01', 1441, 0, 0, 0, 0, 0),
	(148, 13, '2019-04-01', 1413, 0, 0, 0, 0, 0),
	(149, 13, '2019-05-01', 1421, 0, 0, 0, 0, 0),
	(150, 13, '2019-06-01', 1466, 0, 0, 0, 0, 0),
	(151, 13, '2019-07-01', 1518, 0, 0, 0, 0, 0),
	(152, 13, '2019-08-01', 1047, 0, 0, 0, 0, 0),
	(153, 13, '2019-09-01', 1053, 0, 0, 0, 0, 0),
	(154, 13, '2019-10-01', 1064, 0, 0, 0, 0, 0),
	(155, 13, '2019-11-01', 1072, 0, 0, 0, 0, 0),
	(156, 13, '2019-12-01', 961, 0, 0, 0, 0, 0),
	(157, 14, '2019-01-01', 1159, 0, 0, 0, 0, 0),
	(158, 14, '2019-02-01', 478, 0, 0, 0, 0, 0),
	(159, 14, '2019-03-01', 1134, 0, 0, 0, 0, 0),
	(160, 14, '2019-04-01', 1107, 0, 0, 0, 0, 0),
	(161, 14, '2019-05-01', 1114, 0, 0, 0, 0, 0),
	(162, 14, '2019-06-01', 1160, 0, 0, 0, 0, 0),
	(163, 14, '2019-07-01', 1212, 0, 0, 0, 0, 0),
	(164, 14, '2019-08-01', 776, 0, 0, 0, 0, 0),
	(165, 14, '2019-09-01', 801, 0, 0, 0, 0, 0),
	(166, 14, '2019-10-01', 810, 0, 0, 0, 0, 0),
	(167, 14, '2019-11-01', 817, 0, 0, 0, 0, 0),
	(168, 14, '2019-12-01', 704, 0, 0, 0, 0, 0),
	(169, 15, '2019-01-01', 1200, 0, 0, 0, 0, 0),
	(170, 15, '2019-02-01', 1400, 0, 0, 0, 0, 0),
	(171, 15, '2019-03-01', 1500, 0, 0, 0, 0, 0),
	(172, 15, '2019-04-01', 1500, 0, 0, 0, 0, 0),
	(173, 15, '2019-05-01', 1500, 0, 0, 0, 0, 0),
	(174, 15, '2019-06-01', 2558, 0, 0, 0, 0, 0),
	(175, 15, '2019-07-01', 2671, 0, 0, 0, 0, 0),
	(176, 15, '2019-08-01', 2496, 0, 0, 0, 0, 0),
	(177, 15, '2019-09-01', 2473, 0, 0, 0, 0, 0),
	(178, 15, '2019-10-01', 2493, 0, 0, 0, 0, 0),
	(179, 15, '2019-11-01', 2508, 0, 0, 0, 0, 0),
	(180, 15, '2019-12-01', 2262, 0, 0, 0, 0, 0),
	(181, 16, '2019-01-01', 111, 0, 0, 0, 0, 0),
	(182, 16, '2019-02-01', 99, 0, 0, 0, 0, 0),
	(183, 16, '2019-03-01', 111, 0, 0, 0, 0, 0),
	(184, 16, '2019-04-01', 109, 0, 0, 0, 0, 0),
	(185, 16, '2019-05-01', 109, 0, 0, 0, 0, 0),
	(186, 16, '2019-06-01', 114, 0, 0, 0, 0, 0),
	(187, 16, '2019-07-01', 119, 0, 0, 0, 0, 0),
	(188, 16, '2019-08-01', 109, 0, 0, 0, 0, 0),
	(189, 16, '2019-09-01', 109, 0, 0, 0, 0, 0),
	(190, 16, '2019-10-01', 110, 0, 0, 0, 0, 0),
	(191, 16, '2019-11-01', 110, 0, 0, 0, 0, 0),
	(192, 16, '2019-12-01', 107, 0, 0, 0, 0, 0),
	(193, 17, '2019-01-01', 78, 0, 0, 0, 0, 0),
	(194, 17, '2019-02-01', 69, 0, 0, 0, 0, 0),
	(195, 17, '2019-03-01', 78, 0, 0, 0, 0, 0),
	(196, 17, '2019-04-01', 76, 0, 0, 0, 0, 0),
	(197, 17, '2019-05-01', 76, 0, 0, 0, 0, 0),
	(198, 17, '2019-06-01', 80, 0, 0, 0, 0, 0),
	(199, 17, '2019-07-01', 83, 0, 0, 0, 0, 0),
	(200, 17, '2019-08-01', 76, 0, 0, 0, 0, 0),
	(201, 17, '2019-09-01', 76, 0, 0, 0, 0, 0),
	(202, 17, '2019-10-01', 77, 0, 0, 0, 0, 0),
	(203, 17, '2019-11-01', 77, 0, 0, 0, 0, 0),
	(204, 17, '2019-12-01', 74, 0, 0, 0, 0, 0),
	(205, 18, '2019-01-01', 59, 0, 0, 0, 0, 0),
	(206, 18, '2019-02-01', 52, 0, 0, 0, 0, 0),
	(207, 18, '2019-03-01', 58, 0, 0, 0, 0, 0),
	(208, 18, '2019-04-01', 57, 0, 0, 0, 0, 0),
	(209, 18, '2019-05-01', 57, 0, 0, 0, 0, 0),
	(210, 18, '2019-06-01', 60, 0, 0, 0, 0, 0),
	(211, 18, '2019-07-01', 62, 0, 0, 0, 0, 0),
	(212, 18, '2019-08-01', 57, 0, 0, 0, 0, 0),
	(213, 18, '2019-09-01', 57, 0, 0, 0, 0, 0),
	(214, 18, '2019-10-01', 58, 0, 0, 0, 0, 0),
	(215, 18, '2019-11-01', 58, 0, 0, 0, 0, 0),
	(216, 18, '2019-12-01', 56, 0, 0, 0, 0, 0),
	(217, 19, '2019-01-01', 123, 0, 0, 0, 0, 0),
	(218, 19, '2019-02-01', 109, 0, 0, 0, 0, 0),
	(219, 19, '2019-03-01', 123, 0, 0, 0, 0, 0),
	(220, 19, '2019-04-01', 120, 0, 0, 0, 0, 0),
	(221, 19, '2019-05-01', 120, 0, 0, 0, 0, 0),
	(222, 19, '2019-06-01', 125, 0, 0, 0, 0, 0),
	(223, 19, '2019-07-01', 130, 0, 0, 0, 0, 0),
	(224, 19, '2019-08-01', 119, 0, 0, 0, 0, 0),
	(225, 19, '2019-09-01', 119, 0, 0, 0, 0, 0),
	(226, 19, '2019-10-01', 120, 0, 0, 0, 0, 0),
	(227, 19, '2019-11-01', 121, 0, 0, 0, 0, 0),
	(228, 19, '2019-12-01', 109, 0, 0, 0, 0, 0),
	(229, 20, '2019-01-01', 515, 0, 0, 0, 0, 0),
	(230, 20, '2019-02-01', 742, 0, 0, 0, 0, 0),
	(231, 20, '2019-03-01', 1204, 0, 0, 0, 0, 0),
	(232, 20, '2019-04-01', 1192, 0, 0, 0, 0, 0),
	(233, 20, '2019-05-01', 1196, 0, 0, 0, 0, 0),
	(234, 20, '2019-06-01', 1216, 0, 0, 0, 0, 0),
	(235, 20, '2019-07-01', 1239, 0, 0, 0, 0, 0),
	(236, 20, '2019-08-01', 1208, 0, 0, 0, 0, 0),
	(237, 20, '2019-09-01', 1208, 0, 0, 0, 0, 0),
	(238, 20, '2019-10-01', 1213, 0, 0, 0, 0, 0),
	(239, 20, '2019-11-01', 1216, 0, 0, 0, 0, 0),
	(240, 20, '2019-12-01', 1166, 0, 0, 0, 0, 0),
	(241, 21, '2019-01-01', 266, 0, 0, 0, 0, 0),
	(242, 21, '2019-02-01', 237, 0, 0, 0, 0, 0),
	(243, 21, '2019-03-01', 266, 0, 0, 0, 0, 0),
	(244, 21, '2019-04-01', 260, 0, 0, 0, 0, 0),
	(245, 21, '2019-05-01', 262, 0, 0, 0, 0, 0),
	(246, 21, '2019-06-01', 272, 0, 0, 0, 0, 0),
	(247, 21, '2019-07-01', 284, 0, 0, 0, 0, 0),
	(248, 21, '2019-08-01', 259, 0, 0, 0, 0, 0),
	(249, 21, '2019-09-01', 259, 0, 0, 0, 0, 0),
	(250, 21, '2019-10-01', 262, 0, 0, 0, 0, 0),
	(251, 21, '2019-11-01', 263, 0, 0, 0, 0, 0),
	(252, 21, '2019-12-01', 237, 0, 0, 0, 0, 0),
	(253, 22, '2019-01-01', 327, 0, 0, 0, 0, 0),
	(254, 22, '2019-02-01', 291, 0, 0, 0, 0, 0),
	(255, 22, '2019-03-01', 327, 0, 0, 0, 0, 0),
	(256, 22, '2019-04-01', 319, 0, 0, 0, 0, 0),
	(257, 22, '2019-05-01', 321, 0, 0, 0, 0, 0),
	(258, 22, '2019-06-01', 334, 0, 0, 0, 0, 0),
	(259, 22, '2019-07-01', 349, 0, 0, 0, 0, 0),
	(260, 22, '2019-08-01', 228, 0, 0, 0, 0, 0),
	(261, 22, '2019-09-01', 228, 0, 0, 0, 0, 0),
	(262, 22, '2019-10-01', 230, 0, 0, 0, 0, 0),
	(263, 22, '2019-11-01', 232, 0, 0, 0, 0, 0),
	(264, 22, '2019-12-01', 200, 0, 0, 0, 0, 0),
	(265, 23, '2019-01-01', 991, 0, 0, 0, 0, 0),
	(266, 23, '2019-02-01', 882, 0, 0, 0, 0, 0),
	(267, 23, '2019-03-01', 990, 0, 0, 0, 0, 0),
	(268, 23, '2019-04-01', 967, 0, 0, 0, 0, 0),
	(269, 23, '2019-05-01', 973, 0, 0, 0, 0, 0),
	(270, 23, '2019-06-01', 1012, 0, 0, 0, 0, 0),
	(271, 23, '2019-07-01', 1057, 0, 0, 0, 0, 0),
	(272, 23, '2019-08-01', 771, 0, 0, 0, 0, 0),
	(273, 23, '2019-09-01', 771, 0, 0, 0, 0, 0),
	(274, 23, '2019-10-01', 779, 0, 0, 0, 0, 0),
	(275, 23, '2019-11-01', 785, 0, 0, 0, 0, 0),
	(276, 23, '2019-12-01', 689, 0, 0, 0, 0, 0),
	(277, 24, '2019-01-01', 93, 0, 0, 0, 0, 0),
	(278, 24, '2019-02-01', 83, 0, 0, 0, 0, 0),
	(279, 24, '2019-03-01', 93, 0, 0, 0, 0, 0),
	(280, 24, '2019-04-01', 91, 0, 0, 0, 0, 0),
	(281, 24, '2019-05-01', 91, 0, 0, 0, 0, 0),
	(282, 24, '2019-06-01', 118, 0, 0, 0, 0, 0),
	(283, 24, '2019-07-01', 122, 0, 0, 0, 0, 0),
	(284, 24, '2019-08-01', 113, 0, 0, 0, 0, 0),
	(285, 24, '2019-09-01', 113, 0, 0, 0, 0, 0),
	(286, 24, '2019-10-01', 114, 0, 0, 0, 0, 0),
	(287, 24, '2019-11-01', 115, 0, 0, 0, 0, 0),
	(288, 24, '2019-12-01', 89, 0, 0, 0, 0, 0),
	(289, 25, '2019-01-01', 36, 0, 0, 0, 0, 0),
	(290, 25, '2019-02-01', 32, 0, 0, 0, 0, 0),
	(291, 25, '2019-03-01', 36, 0, 0, 0, 0, 0),
	(292, 25, '2019-04-01', 35, 0, 0, 0, 0, 0),
	(293, 25, '2019-05-01', 35, 0, 0, 0, 0, 0),
	(294, 25, '2019-06-01', 65, 0, 0, 0, 0, 0),
	(295, 25, '2019-07-01', 66, 0, 0, 0, 0, 0),
	(296, 25, '2019-08-01', 62, 0, 0, 0, 0, 0),
	(297, 25, '2019-09-01', 62, 0, 0, 0, 0, 0),
	(298, 25, '2019-10-01', 63, 0, 0, 0, 0, 0),
	(299, 25, '2019-11-01', 63, 0, 0, 0, 0, 0),
	(300, 25, '2019-12-01', 34, 0, 0, 0, 0, 0),
	(301, 26, '2019-01-01', 83, 0, 0, 0, 0, 0),
	(302, 26, '2019-02-01', 74, 0, 0, 0, 0, 0),
	(303, 26, '2019-03-01', 83, 0, 0, 0, 0, 0),
	(304, 26, '2019-04-01', 81, 0, 0, 0, 0, 0),
	(305, 26, '2019-05-01', 82, 0, 0, 0, 0, 0),
	(306, 26, '2019-06-01', 86, 0, 0, 0, 0, 0),
	(307, 26, '2019-07-01', 89, 0, 0, 0, 0, 0),
	(308, 26, '2019-08-01', 82, 0, 0, 0, 0, 0),
	(309, 26, '2019-09-01', 82, 0, 0, 0, 0, 0),
	(310, 26, '2019-10-01', 82, 0, 0, 0, 0, 0),
	(311, 26, '2019-11-01', 83, 0, 0, 0, 0, 0),
	(312, 26, '2019-12-01', 80, 0, 0, 0, 0, 0),
	(313, 27, '2019-01-01', 54, 0, 0, 0, 0, 0),
	(314, 27, '2019-02-01', 48, 0, 0, 0, 0, 0),
	(315, 27, '2019-03-01', 54, 0, 0, 0, 0, 0),
	(316, 27, '2019-04-01', 53, 0, 0, 0, 0, 0),
	(317, 27, '2019-05-01', 53, 0, 0, 0, 0, 0),
	(318, 27, '2019-06-01', 62, 0, 0, 0, 0, 0),
	(319, 27, '2019-07-01', 64, 0, 0, 0, 0, 0),
	(320, 27, '2019-08-01', 59, 0, 0, 0, 0, 0),
	(321, 27, '2019-09-01', 59, 0, 0, 0, 0, 0),
	(322, 27, '2019-10-01', 60, 0, 0, 0, 0, 0),
	(323, 27, '2019-11-01', 60, 0, 0, 0, 0, 0),
	(324, 27, '2019-12-01', 52, 0, 0, 0, 0, 0),
	(325, 28, '2019-01-01', 184, 0, 0, 0, 0, 0),
	(326, 28, '2019-02-01', 164, 0, 0, 0, 0, 0),
	(327, 28, '2019-03-01', 184, 0, 0, 0, 0, 0),
	(328, 28, '2019-04-01', 180, 0, 0, 0, 0, 0),
	(329, 28, '2019-05-01', 181, 0, 0, 0, 0, 0),
	(330, 28, '2019-06-01', 214, 0, 0, 0, 0, 0),
	(331, 28, '2019-07-01', 222, 0, 0, 0, 0, 0),
	(332, 28, '2019-08-01', 204, 0, 0, 0, 0, 0),
	(333, 28, '2019-09-01', 204, 0, 0, 0, 0, 0),
	(334, 28, '2019-10-01', 206, 0, 0, 0, 0, 0),
	(335, 28, '2019-11-01', 207, 0, 0, 0, 0, 0),
	(336, 28, '2019-12-01', 177, 0, 0, 0, 0, 0),
	(337, 29, '2019-01-01', 101, 0, 0, 0, 0, 0),
	(338, 29, '2019-02-01', 90, 0, 0, 0, 0, 0),
	(339, 29, '2019-03-01', 101, 0, 0, 0, 0, 0),
	(340, 29, '2019-04-01', 99, 0, 0, 0, 0, 0),
	(341, 29, '2019-05-01', 100, 0, 0, 0, 0, 0),
	(342, 29, '2019-06-01', 123, 0, 0, 0, 0, 0),
	(343, 29, '2019-07-01', 127, 0, 0, 0, 0, 0),
	(344, 29, '2019-08-01', 118, 0, 0, 0, 0, 0),
	(345, 29, '2019-09-01', 118, 0, 0, 0, 0, 0),
	(346, 29, '2019-10-01', 119, 0, 0, 0, 0, 0),
	(347, 29, '2019-11-01', 119, 0, 0, 0, 0, 0),
	(348, 29, '2019-12-01', 97, 0, 0, 0, 0, 0),
	(349, 30, '2019-01-01', 101, 0, 0, 0, 0, 0),
	(350, 30, '2019-02-01', 90, 0, 0, 0, 0, 0),
	(351, 30, '2019-03-01', 101, 0, 0, 0, 0, 0),
	(352, 30, '2019-04-01', 99, 0, 0, 0, 0, 0),
	(353, 30, '2019-05-01', 99, 0, 0, 0, 0, 0),
	(354, 30, '2019-06-01', 111, 0, 0, 0, 0, 0),
	(355, 30, '2019-07-01', 116, 0, 0, 0, 0, 0),
	(356, 30, '2019-08-01', 106, 0, 0, 0, 0, 0),
	(357, 30, '2019-09-01', 106, 0, 0, 0, 0, 0),
	(358, 30, '2019-10-01', 107, 0, 0, 0, 0, 0),
	(359, 30, '2019-11-01', 108, 0, 0, 0, 0, 0),
	(360, 30, '2019-12-01', 97, 0, 0, 0, 0, 0),
	(361, 31, '2019-01-01', 120, 0, 0, 0, 0, 0),
	(362, 31, '2019-02-01', 107, 0, 0, 0, 0, 0),
	(363, 31, '2019-03-01', 120, 0, 0, 0, 0, 0),
	(364, 31, '2019-04-01', 117, 0, 0, 0, 0, 0),
	(365, 31, '2019-05-01', 118, 0, 0, 0, 0, 0),
	(366, 31, '2019-06-01', 123, 0, 0, 0, 0, 0),
	(367, 31, '2019-07-01', 128, 0, 0, 0, 0, 0),
	(368, 31, '2019-08-01', 117, 0, 0, 0, 0, 0),
	(369, 31, '2019-09-01', 117, 0, 0, 0, 0, 0),
	(370, 31, '2019-10-01', 118, 0, 0, 0, 0, 0),
	(371, 31, '2019-11-01', 119, 0, 0, 0, 0, 0),
	(372, 31, '2019-12-01', 115, 0, 0, 0, 0, 0),
	(373, 32, '2019-01-01', 5146, 0, 0, 0, 0, 0),
	(374, 32, '2019-02-01', 4182, 0, 0, 0, 0, 0),
	(375, 32, '2019-03-01', 5111, 0, 0, 0, 0, 0),
	(376, 32, '2019-04-01', 4991, 0, 0, 0, 0, 0),
	(377, 32, '2019-05-01', 5023, 0, 0, 0, 0, 0),
	(378, 32, '2019-06-01', 5225, 0, 0, 0, 0, 0),
	(379, 32, '2019-07-01', 5457, 0, 0, 0, 0, 0),
	(380, 32, '2019-08-01', 4599, 0, 0, 0, 0, 0),
	(381, 32, '2019-09-01', 4599, 0, 0, 0, 0, 0),
	(382, 32, '2019-10-01', 4642, 0, 0, 0, 0, 0),
	(383, 32, '2019-11-01', 4673, 0, 0, 0, 0, 0),
	(384, 32, '2019-12-01', 4171, 0, 0, 0, 0, 0),
	(385, 33, '2019-01-01', 131, 0, 0, 0, 0, 0),
	(386, 33, '2019-02-01', 117, 0, 0, 0, 0, 0),
	(387, 33, '2019-03-01', 131, 0, 0, 0, 0, 0),
	(388, 33, '2019-04-01', 128, 0, 0, 0, 0, 0),
	(389, 33, '2019-05-01', 129, 0, 0, 0, 0, 0),
	(390, 33, '2019-06-01', 176, 0, 0, 0, 0, 0),
	(391, 33, '2019-07-01', 181, 0, 0, 0, 0, 0),
	(392, 33, '2019-08-01', 159, 0, 0, 0, 0, 0),
	(393, 33, '2019-09-01', 169, 0, 0, 0, 0, 0),
	(394, 33, '2019-10-01', 170, 0, 0, 0, 0, 0),
	(395, 33, '2019-11-01', 172, 0, 0, 0, 0, 0),
	(396, 33, '2019-12-01', 125, 0, 0, 0, 0, 0),
	(397, 34, '2019-01-01', 0, 0, 0, 0, 0, 0),
	(398, 34, '2019-02-01', 0, 0, 0, 0, 0, 0),
	(399, 34, '2019-03-01', 1, 0, 0, 0, 0, 0),
	(400, 34, '2019-04-01', 0, 0, 0, 0, 0, 0),
	(401, 34, '2019-05-01', 0, 0, 0, 0, 0, 0),
	(402, 34, '2019-06-01', 0, 0, 0, 0, 0, 0),
	(403, 34, '2019-07-01', 0, 0, 0, 0, 0, 0),
	(404, 34, '2019-08-01', 0, 0, 0, 0, 0, 0),
	(405, 34, '2019-09-01', 0, 0, 0, 0, 0, 0),
	(406, 34, '2019-10-01', 0, 0, 0, 0, 0, 0),
	(407, 34, '2019-11-01', 0, 0, 0, 0, 0, 0),
	(408, 34, '2019-12-01', 0, 0, 0, 0, 0, 0),
	(409, 35, '2019-01-01', 44, 0, 0, 0, 0, 0),
	(410, 35, '2019-02-01', 39, 0, 0, 0, 0, 0),
	(411, 35, '2019-03-01', 44, 0, 0, 0, 0, 0),
	(412, 35, '2019-04-01', 43, 0, 0, 0, 0, 0),
	(413, 35, '2019-05-01', 43, 0, 0, 0, 0, 0),
	(414, 35, '2019-06-01', 51, 0, 0, 0, 0, 0),
	(415, 35, '2019-07-01', 52, 0, 0, 0, 0, 0),
	(416, 35, '2019-08-01', 48, 0, 0, 0, 0, 0),
	(417, 35, '2019-09-01', 48, 0, 0, 0, 0, 0),
	(418, 35, '2019-10-01', 49, 0, 0, 0, 0, 0),
	(419, 35, '2019-11-01', 49, 0, 0, 0, 0, 0),
	(420, 35, '2019-12-01', 42, 0, 0, 0, 0, 0),
	(421, 36, '2019-01-01', 0, 0, 0, 0, 0, 0),
	(422, 36, '2019-02-01', 0, 0, 0, 0, 0, 0),
	(423, 36, '2019-03-01', 0, 0, 0, 0, 0, 0),
	(424, 36, '2019-04-01', 0, 0, 0, 0, 0, 0),
	(425, 36, '2019-05-01', 0, 0, 0, 0, 0, 0),
	(426, 36, '2019-06-01', 0, 0, 0, 0, 0, 0),
	(427, 36, '2019-07-01', 0, 0, 0, 0, 0, 0),
	(428, 36, '2019-08-01', 0, 0, 0, 0, 0, 0),
	(429, 36, '2019-09-01', 0, 0, 0, 0, 0, 0),
	(430, 36, '2019-10-01', 0, 0, 0, 0, 0, 0),
	(431, 36, '2019-11-01', 0, 0, 0, 0, 0, 0),
	(432, 36, '2019-12-01', 0, 0, 0, 0, 0, 0),
	(433, 37, '2019-01-01', 1021, 0, 0, 0, 0, 0),
	(434, 37, '2019-02-01', 967, 0, 0, 0, 0, 0),
	(435, 37, '2019-03-01', 1020, 0, 0, 0, 0, 0),
	(436, 37, '2019-04-01', 996, 0, 0, 0, 0, 0),
	(437, 37, '2019-05-01', 1002, 0, 0, 0, 0, 0),
	(438, 37, '2019-06-01', 1513, 0, 0, 0, 0, 0),
	(439, 37, '2019-07-01', 1089, 0, 0, 0, 0, 0),
	(440, 37, '2019-08-01', 2055, 0, 0, 0, 0, 0),
	(441, 37, '2019-09-01', 994, 0, 0, 0, 0, 0),
	(442, 37, '2019-10-01', 1002, 0, 0, 0, 0, 0),
	(443, 37, '2019-11-01', 1009, 0, 0, 0, 0, 0),
	(444, 37, '2019-12-01', 997, 0, 0, 0, 0, 0),
	(445, 38, '2019-01-01', 47, 0, 0, 0, 0, 0),
	(446, 38, '2019-02-01', 42, 0, 0, 0, 0, 0),
	(447, 38, '2019-03-01', 47, 0, 0, 0, 0, 0),
	(448, 38, '2019-04-01', 46, 0, 0, 0, 0, 0),
	(449, 38, '2019-05-01', 46, 0, 0, 0, 0, 0),
	(450, 38, '2019-06-01', 59, 0, 0, 0, 0, 0),
	(451, 38, '2019-07-01', 61, 0, 0, 0, 0, 0),
	(452, 38, '2019-08-01', 56, 0, 0, 0, 0, 0),
	(453, 38, '2019-09-01', 56, 0, 0, 0, 0, 0),
	(454, 38, '2019-10-01', 57, 0, 0, 0, 0, 0),
	(455, 38, '2019-11-01', 57, 0, 0, 0, 0, 0),
	(456, 38, '2019-12-01', 45, 0, 0, 0, 0, 0),
	(457, 39, '2019-01-01', 44, 0, 0, 0, 0, 0),
	(458, 39, '2019-02-01', 39, 0, 0, 0, 0, 0),
	(459, 39, '2019-03-01', 44, 0, 0, 0, 0, 0),
	(460, 39, '2019-04-01', 43, 0, 0, 0, 0, 0),
	(461, 39, '2019-05-01', 43, 0, 0, 0, 0, 0),
	(462, 39, '2019-06-01', 45, 0, 0, 0, 0, 0),
	(463, 39, '2019-07-01', 47, 0, 0, 0, 0, 0),
	(464, 39, '2019-08-01', 43, 0, 0, 0, 0, 0),
	(465, 39, '2019-09-01', 43, 0, 0, 0, 0, 0),
	(466, 39, '2019-10-01', 43, 0, 0, 0, 0, 0),
	(467, 39, '2019-11-01', 43, 0, 0, 0, 0, 0),
	(468, 39, '2019-12-01', 39, 0, 0, 0, 0, 0),
	(469, 40, '2019-01-01', 45, 0, 0, 0, 0, 0),
	(470, 40, '2019-02-01', 40, 0, 0, 0, 0, 0),
	(471, 40, '2019-03-01', 45, 0, 0, 0, 0, 0),
	(472, 40, '2019-04-01', 44, 0, 0, 0, 0, 0),
	(473, 40, '2019-05-01', 44, 0, 0, 0, 0, 0),
	(474, 40, '2019-06-01', 46, 0, 0, 0, 0, 0),
	(475, 40, '2019-07-01', 48, 0, 0, 0, 0, 0),
	(476, 40, '2019-08-01', 44, 0, 0, 0, 0, 0),
	(477, 40, '2019-09-01', 44, 0, 0, 0, 0, 0),
	(478, 40, '2019-10-01', 44, 0, 0, 0, 0, 0),
	(479, 40, '2019-11-01', 44, 0, 0, 0, 0, 0),
	(480, 40, '2019-12-01', 43, 0, 0, 0, 0, 0),
	(481, 41, '2019-01-01', 7, 0, 0, 0, 0, 0),
	(482, 41, '2019-02-01', 6, 0, 0, 0, 0, 0),
	(483, 41, '2019-03-01', 6, 0, 0, 0, 0, 0),
	(484, 41, '2019-04-01', 6, 0, 0, 0, 0, 0),
	(485, 41, '2019-05-01', 6, 0, 0, 0, 0, 0),
	(486, 41, '2019-06-01', 7, 0, 0, 0, 0, 0),
	(487, 41, '2019-07-01', 7, 0, 0, 0, 0, 0),
	(488, 41, '2019-08-01', 6, 0, 0, 0, 0, 0),
	(489, 41, '2019-09-01', 6, 0, 0, 0, 0, 0),
	(490, 41, '2019-10-01', 8, 0, 0, 0, 0, 0),
	(491, 41, '2019-11-01', 6, 0, 0, 0, 0, 0),
	(492, 41, '2019-12-01', 6, 0, 0, 0, 0, 0),
	(493, 42, '2019-01-01', 33, 0, 0, 0, 0, 0),
	(494, 42, '2019-02-01', 30, 0, 0, 0, 0, 0),
	(495, 42, '2019-03-01', 33, 0, 0, 0, 0, 0),
	(496, 42, '2019-04-01', 32, 0, 0, 0, 0, 0),
	(497, 42, '2019-05-01', 33, 0, 0, 0, 0, 0),
	(498, 42, '2019-06-01', 34, 0, 0, 0, 0, 0),
	(499, 42, '2019-07-01', 36, 0, 0, 0, 0, 0),
	(500, 42, '2019-08-01', 0, 0, 0, 0, 0, 0),
	(501, 42, '2019-09-01', 0, 0, 0, 0, 0, 0),
	(502, 42, '2019-10-01', 0, 0, 0, 0, 0, 0),
	(503, 42, '2019-11-01', 0, 0, 0, 0, 0, 0),
	(504, 42, '2019-12-01', 32, 0, 0, 0, 0, 0),
	(505, 43, '2019-01-01', 600, 0, 0, 0, 0, 0),
	(506, 43, '2019-02-01', 600, 0, 0, 0, 0, 0),
	(507, 43, '2019-03-01', 600, 0, 0, 0, 0, 0),
	(508, 43, '2019-04-01', 600, 0, 0, 0, 0, 0),
	(509, 43, '2019-05-01', 600, 0, 0, 0, 0, 0),
	(510, 43, '2019-06-01', 600, 0, 0, 0, 0, 0),
	(511, 43, '2019-07-01', 600, 0, 0, 0, 0, 0),
	(512, 43, '2019-08-01', 600, 0, 0, 0, 0, 0),
	(513, 43, '2019-09-01', 600, 0, 0, 0, 0, 0),
	(514, 43, '2019-10-01', 600, 0, 0, 0, 0, 0),
	(515, 43, '2019-11-01', 600, 0, 0, 0, 0, 0),
	(516, 43, '2019-12-01', 600, 0, 0, 0, 0, 0),
	(517, 44, '2019-01-01', 0, 0, 0, 0, 0, 0),
	(518, 44, '2019-02-01', 0, 0, 0, 0, 0, 0),
	(519, 44, '2019-03-01', 0, 0, 0, 0, 0, 0),
	(520, 44, '2019-04-01', 0, 0, 0, 0, 0, 0),
	(521, 44, '2019-05-01', 0, 0, 0, 0, 0, 0),
	(522, 44, '2019-06-01', 0, 0, 0, 0, 0, 0),
	(523, 44, '2019-07-01', 1000, 0, 0, 0, 0, 0),
	(524, 44, '2019-08-01', 800, 0, 0, 0, 0, 0),
	(525, 44, '2019-09-01', 0, 0, 0, 0, 0, 0),
	(526, 44, '2019-10-01', 0, 0, 0, 0, 0, 0),
	(527, 44, '2019-11-01', 0, 0, 0, 0, 0, 0),
	(528, 44, '2019-12-01', 0, 0, 0, 0, 0, 0),
	(529, 45, '2020-01-01', 58, 6, 2, 62, 4778.07, 0);
/*!40000 ALTER TABLE `presupuesto_mes` ENABLE KEYS */;

-- Volcando estructura para tabla presupuestos_ventas.segmento
CREATE TABLE IF NOT EXISTS `segmento` (
  `codSeg` int(11) NOT NULL AUTO_INCREMENT,
  `desSeg` varchar(50) DEFAULT NULL,
  PRIMARY KEY (`codSeg`)
) ENGINE=InnoDB AUTO_INCREMENT=18 DEFAULT CHARSET=utf8;

-- Volcando datos para la tabla presupuestos_ventas.segmento: ~17 rows (aproximadamente)
/*!40000 ALTER TABLE `segmento` DISABLE KEYS */;
INSERT INTO `segmento` (`codSeg`, `desSeg`) VALUES
	(1, 'CALL CENTER DISTRIBUIDORES'),
	(2, 'CALL CENTER INSTITUCIONAL'),
	(3, 'COBERTURA SEG 0-1-2'),
	(4, 'COBERTURA SEG 3-4-5'),
	(5, 'COBERTURA SEG 0-1-3'),
	(6, 'COBERTURA SEG 0-1-4'),
	(7, 'COBERTURA SEG 0-1-5'),
	(8, 'COBERTURA SEG 0-1-6'),
	(9, 'COBERTURA SEG 0-1-7'),
	(10, 'COBERTURA SEG 3-4-5'),
	(11, 'OTRAS VENTAS'),
	(12, 'OTROS CANALES'),
	(13, 'PUNTOS DE SERVICIO'),
	(14, 'SEG 5'),
	(15, 'SERVICIO DOMICILIO'),
	(16, 'SUPERMERCADOS'),
	(17, 'ND');
/*!40000 ALTER TABLE `segmento` ENABLE KEYS */;

-- Volcando estructura para tabla presupuestos_ventas.vendedor
CREATE TABLE IF NOT EXISTS `vendedor` (
  `codVen` varchar(50) NOT NULL DEFAULT '0',
  `nomVen` varchar(200) NOT NULL,
  `estadoVen` binary(1) NOT NULL DEFAULT '1',
  `codSeg` int(11) NOT NULL,
  PRIMARY KEY (`codVen`),
  KEY `FK_vendedor_segmento` (`codSeg`),
  CONSTRAINT `FK_vendedor_segmento` FOREIGN KEY (`codSeg`) REFERENCES `segmento` (`codSeg`)
) ENGINE=InnoDB DEFAULT CHARSET=utf8;

-- Volcando datos para la tabla presupuestos_ventas.vendedor: ~53 rows (aproximadamente)
/*!40000 ALTER TABLE `vendedor` DISABLE KEYS */;
INSERT INTO `vendedor` (`codVen`, `nomVen`, `estadoVen`, `codSeg`) VALUES
	('00', 'FACTURADOR PLANTA', _binary 0x31, 17),
	('100', 'FABRIBAT CIA LTDA', _binary 0x31, 12),
	('102', '200 FACTURACION QUINCHE', _binary 0x31, 13),
	('104', 'CALLCENTER DISTRIBUIDORES GYE', _binary 0x31, 1),
	('130', '280 FACTURACION MANTA', _binary 0x31, 13),
	('140', '230 FACTURACION LATACUNGA', _binary 0x31, 17),
	('15', '30 FACTURADORA CUENCA', _binary 0x31, 13),
	('150', 'VENTA DOMICILIO GUAYAQUIL', _binary 0x31, 15),
	('18', '10 FACTURADORA OCCIDENTAL', _binary 0x31, 13),
	('190', 'VENTA DIRECTA', _binary 0x31, 17),
	('210', 'SUPERMERCADOS', _binary 0x31, 16),
	('220', 'VENDEDOR GUAYAQUIL', _binary 0x31, 17),
	('221', 'FACTURADOR MATRIZ', _binary 0x31, 17),
	('225', '225 FACTURACION IBARRA 2', _binary 0x31, 17),
	('25', '20 FACTURADORA GUAYAQUIL', _binary 0x31, 13),
	('255', '255 FACTURACION STO DOMINGO 3', _binary 0x31, 17),
	('28', 'EMPLEADOS', _binary 0x31, 12),
	('310', '310  FACTURACION RIOBAMBA', _binary 0x31, 17),
	('36', '210 FACTURACION AMBATO', _binary 0x31, 13),
	('40', 'CUENTAS CLAVES NORTE', _binary 0x31, 4),
	('50', '100 FACTURACION SUR', _binary 0x31, 13),
	('51', '140 FACTURACION TUMBACO 1', _binary 0x31, 13),
	('52', '160 FACTURACION SAN RAFAEL 1', _binary 0x31, 13),
	('57', 'FACTURACION CUE SUR', _binary 0x31, 17),
	('58', '270 FACTURACION GYE CENTRO', _binary 0x31, 13),
	('59', 'VENDEDOR IBARRA TULCAN', _binary 0x31, 3),
	('62', '70 FACTURACION UIO NORTE', _binary 0x31, 13),
	('63', 'VENDEDOR STO DGO ESMERALDAS', _binary 0x31, 3),
	('65', 'VENDEDOR MANABI', _binary 0x31, 3),
	('66', 'CLIENTES SEG 5', _binary 0x31, 14),
	('67', '240 FACTURACION STO DOMINGO 1', _binary 0x31, 13),
	('68', '40 FACTURACION CARAPUNGO 1', _binary 0x31, 13),
	('70', '220 FACTURACION IBARRA', _binary 0x31, 13),
	('71', 'VENTA DOMICILIO OCCIDENTAL', _binary 0x31, 15),
	('75', 'VENDEDOR CUENCA', _binary 0x31, 3),
	('76', 'VENDEDOR ZONA CENTRAL ', _binary 0x31, 3),
	('79', 'CALLCENTER INSTITUCIONAL', _binary 0x31, 17),
	('80', 'CALLCENTER DISTRIBUIDORES', _binary 0x31, 1),
	('82', 'VENDEDOR COCA LAGO AGRIO', _binary 0x31, 3),
	('83', '150 FACTURACION TUMBACO 2', _binary 0x31, 13),
	('84', '170 FACTURACION SAN RAFAEL 2', _binary 0x31, 13),
	('85', '130 FACTURACION GUAMANI', _binary 0x31, 13),
	('87', 'MICHAEL HUFF', _binary 0x31, 11),
	('88', '60 FACTURACION OFELIA', _binary 0x31, 13),
	('89', '90 FACTURACION VILLAFLORA', _binary 0x31, 13),
	('90', '180 FACTURACION SANGOLQUI', _binary 0x31, 13),
	('91', '80 FACTURACION INCA', _binary 0x31, 13),
	('92', '260 FACTURACION ESMERALDAS', _binary 0x31, 13),
	('93', 'CUENTAS CLAVES SUR', _binary 0x31, 4),
	('94', '50 FACTURACION CARAPUNGO 2', _binary 0x31, 13),
	('95', '250 FACTURACION STO DOMINGO 2', _binary 0x31, 17),
	('97', '110 FACTURACION MARISCAL', _binary 0x31, 13),
	('98', '120 FACTURACION QUITUMBE', _binary 0x31, 17);
/*!40000 ALTER TABLE `vendedor` ENABLE KEYS */;

/*!40101 SET SQL_MODE=IFNULL(@OLD_SQL_MODE, '') */;
/*!40014 SET FOREIGN_KEY_CHECKS=IFNULL(@OLD_FOREIGN_KEY_CHECKS, 1) */;
/*!40101 SET CHARACTER_SET_CLIENT=@OLD_CHARACTER_SET_CLIENT */;
/*!40111 SET SQL_NOTES=IFNULL(@OLD_SQL_NOTES, 1) */;
