-- --------------------------------------------------------
-- Host:                         127.0.0.1
-- Versión del servidor:         5.7.24 - MySQL Community Server (GPL)
-- SO del servidor:              Win32
-- HeidiSQL Versión:             11.0.0.5919
-- --------------------------------------------------------

/*!40101 SET @OLD_CHARACTER_SET_CLIENT=@@CHARACTER_SET_CLIENT */;
/*!40101 SET NAMES utf8 */;
/*!50503 SET NAMES utf8mb4 */;
/*!40014 SET @OLD_FOREIGN_KEY_CHECKS=@@FOREIGN_KEY_CHECKS, FOREIGN_KEY_CHECKS=0 */;
/*!40101 SET @OLD_SQL_MODE=@@SQL_MODE, SQL_MODE='NO_AUTO_VALUE_ON_ZERO' */;


-- Volcando estructura de base de datos para presupuestos_ventas
DROP DATABASE IF EXISTS `presupuestos_ventas`;
CREATE DATABASE IF NOT EXISTS `presupuestos_ventas` /*!40100 DEFAULT CHARACTER SET utf8 */;
USE `presupuestos_ventas`;

-- Volcando estructura para tabla presupuestos_ventas.admins
DROP TABLE IF EXISTS `admins`;
CREATE TABLE IF NOT EXISTS `admins` (
  `idUsu` int(11) NOT NULL AUTO_INCREMENT,
  `usuario` varchar(50) NOT NULL,
  `nombreUsu` varchar(100) NOT NULL,
  `password` varchar(60) NOT NULL,
  `mail` varchar(255) NOT NULL,
  `idPerfil` int(11) DEFAULT '1',
  PRIMARY KEY (`idUsu`),
  UNIQUE KEY `usuario` (`usuario`),
  KEY `FK_admins_perfil` (`idPerfil`),
  CONSTRAINT `FK_admins_perfil` FOREIGN KEY (`idPerfil`) REFERENCES `perfil` (`idPerfil`)
) ENGINE=InnoDB AUTO_INCREMENT=2 DEFAULT CHARSET=utf8;

-- Volcando datos para la tabla presupuestos_ventas.admins: ~0 rows (aproximadamente)
/*!40000 ALTER TABLE `admins` DISABLE KEYS */;
INSERT INTO `admins` (`idUsu`, `usuario`, `nombreUsu`, `password`, `mail`, `idPerfil`) VALUES
	(1, 'admin', 'Administrador', '$2y$12$zBtBWe374pUdCgqQ2yeECO/4skNiuwVyhlQ5u6fak8h1eUIdOZu8C', 'sistemas2@bateriasecuador.com', 1);
/*!40000 ALTER TABLE `admins` ENABLE KEYS */;

-- Volcando estructura para tabla presupuestos_ventas.historial_ventas
DROP TABLE IF EXISTS `historial_ventas`;
CREATE TABLE IF NOT EXISTS `historial_ventas` (
  `idHisVen` int(11) NOT NULL AUTO_INCREMENT,
  `anio` year(4) DEFAULT NULL,
  `ventasU` int(11) DEFAULT NULL,
  `promocionU` int(11) DEFAULT NULL,
  `garantiaU` int(11) DEFAULT NULL,
  `facturadoV` double DEFAULT NULL,
  `codVen` varchar(50) DEFAULT NULL,
  `codLinea` varchar(50) DEFAULT NULL,
  PRIMARY KEY (`idHisVen`),
  KEY `FK_historialven_vendedor` (`codVen`),
  KEY `FK_historialven_listalinea` (`codLinea`),
  CONSTRAINT `FK_historialven_listalinea` FOREIGN KEY (`codLinea`) REFERENCES `listalinea` (`codLinea`),
  CONSTRAINT `FK_historialven_vendedor` FOREIGN KEY (`codVen`) REFERENCES `vendedor` (`codVen`)
) ENGINE=InnoDB AUTO_INCREMENT=3 DEFAULT CHARSET=utf8;

-- Volcando datos para la tabla presupuestos_ventas.historial_ventas: ~2 rows (aproximadamente)
/*!40000 ALTER TABLE `historial_ventas` DISABLE KEYS */;
INSERT INTO `historial_ventas` (`idHisVen`, `anio`, `ventasU`, `promocionU`, `garantiaU`, `facturadoV`, `codVen`, `codLinea`) VALUES
	(1, '2019', 8015, 674, 178, 696488.32, '82', '201'),
	(2, '2019', 246, 26, 3, NULL, '82', '213');
/*!40000 ALTER TABLE `historial_ventas` ENABLE KEYS */;

-- Volcando estructura para tabla presupuestos_ventas.listalinea
DROP TABLE IF EXISTS `listalinea`;
CREATE TABLE IF NOT EXISTS `listalinea` (
  `codLinea` varchar(50) NOT NULL DEFAULT '0',
  `nomLinea` varchar(50) NOT NULL,
  `estadoLinea` binary(1) NOT NULL DEFAULT '1',
  PRIMARY KEY (`codLinea`)
) ENGINE=InnoDB DEFAULT CHARSET=utf8;

-- Volcando datos para la tabla presupuestos_ventas.listalinea: ~12 rows (aproximadamente)
/*!40000 ALTER TABLE `listalinea` DISABLE KEYS */;
INSERT INTO `listalinea` (`codLinea`, `nomLinea`, `estadoLinea`) VALUES
	('108', 'TRITURADO', _binary 0x31),
	('124', 'RECICLADORA REFINACION (exp)', _binary 0x31),
	('201', 'BATERIAS ECUADOR', _binary 0x31),
	('213', 'BATERIAS RUBIX', _binary 0x31),
	('216', 'BATERIAS HELLA EXPORTACION', _binary 0x31),
	('218', 'BATERIAS HELLA', _binary 0x31),
	('220', 'AGUA DESMINERALIZADA', _binary 0x31),
	('221', 'BATERIAS ELEKTRA', _binary 0x31),
	('222', 'BATERIAS MOTOREX', _binary 0x31),
	('250', 'ANTISULFATANTES', _binary 0x31),
	('301', 'COMERCIAL BOSCH', _binary 0x31),
	('315', 'PLUMAS HELLA', _binary 0x31);
/*!40000 ALTER TABLE `listalinea` ENABLE KEYS */;

-- Volcando estructura para tabla presupuestos_ventas.perfil
DROP TABLE IF EXISTS `perfil`;
CREATE TABLE IF NOT EXISTS `perfil` (
  `idPerfil` int(11) NOT NULL AUTO_INCREMENT,
  `perfil` varchar(50) DEFAULT NULL,
  PRIMARY KEY (`idPerfil`)
) ENGINE=InnoDB AUTO_INCREMENT=3 DEFAULT CHARSET=utf8;

-- Volcando datos para la tabla presupuestos_ventas.perfil: ~2 rows (aproximadamente)
/*!40000 ALTER TABLE `perfil` DISABLE KEYS */;
INSERT INTO `perfil` (`idPerfil`, `perfil`) VALUES
	(1, 'user'),
	(2, 'admin');
/*!40000 ALTER TABLE `perfil` ENABLE KEYS */;

-- Volcando estructura para tabla presupuestos_ventas.presupuesto_anio
DROP TABLE IF EXISTS `presupuesto_anio`;
CREATE TABLE IF NOT EXISTS `presupuesto_anio` (
  `idPresAnio` int(11) NOT NULL AUTO_INCREMENT,
  `anio` year(4) NOT NULL,
  `ventasPresU` int(11) DEFAULT NULL,
  `promoPresU` int(11) DEFAULT NULL,
  `garantPresU` int(11) DEFAULT NULL,
  `totalPresU` int(11) DEFAULT NULL,
  `codVen` varchar(50) DEFAULT NULL,
  `codLinea` varchar(50) DEFAULT NULL,
  PRIMARY KEY (`idPresAnio`)
) ENGINE=InnoDB AUTO_INCREMENT=261 DEFAULT CHARSET=utf8;

-- Volcando datos para la tabla presupuestos_ventas.presupuesto_anio: ~260 rows (aproximadamente)
/*!40000 ALTER TABLE `presupuesto_anio` DISABLE KEYS */;
INSERT INTO `presupuesto_anio` (`idPresAnio`, `anio`, `ventasPresU`, `promoPresU`, `garantPresU`, `totalPresU`, `codVen`, `codLinea`) VALUES
	(1, '2020', 692, 32, 22, 745, '15', '201'),
	(2, '2020', 44, 0, 5, 49, '15', '213'),
	(3, '2020', 28, 0, 1, 28, '15', '218'),
	(4, '2020', NULL, NULL, NULL, NULL, '15', '220'),
	(5, '2020', NULL, NULL, NULL, NULL, '15', '250'),
	(6, '2020', NULL, NULL, NULL, NULL, '15', '315'),
	(7, '2020', 6410, 1, 153, 6564, '18', '201'),
	(8, '2020', 358, 0, 5, 363, '18', '213'),
	(9, '2020', 256, 0, 6, 263, '18', '218'),
	(10, '2020', NULL, NULL, NULL, NULL, '18', '220'),
	(11, '2020', NULL, NULL, NULL, NULL, '18', '250'),
	(12, '2020', NULL, NULL, NULL, NULL, '18', '315'),
	(13, '2020', 552, 11, 176, 740, '25', '201'),
	(14, '2020', 13, 0, 2, 15, '25', '213'),
	(15, '2020', 22, 0, 1, 23, '25', '218'),
	(16, '2020', NULL, NULL, NULL, NULL, '25', '220'),
	(17, '2020', NULL, NULL, NULL, NULL, '25', '250'),
	(18, '2020', NULL, NULL, NULL, NULL, '25', '315'),
	(19, '2020', 256, 0, 8, 265, '28', '201'),
	(20, '2020', 12, 0, 0, 12, '28', '213'),
	(21, '2020', 12, 0, 0, 12, '28', '218'),
	(22, '2020', NULL, NULL, NULL, NULL, '28', '220'),
	(23, '2020', NULL, NULL, NULL, NULL, '28', '250'),
	(24, '2020', NULL, NULL, NULL, NULL, '28', '315'),
	(25, '2020', 1153, 0, 21, 1174, '36', '201'),
	(26, '2020', 139, 0, 2, 141, '36', '213'),
	(27, '2020', 46, 0, 1, 47, '36', '218'),
	(28, '2020', NULL, NULL, NULL, NULL, '36', '220'),
	(29, '2020', NULL, NULL, NULL, NULL, '36', '250'),
	(30, '2020', NULL, NULL, NULL, NULL, '36', '315'),
	(31, '2020', 24826, 2319, 457, 27602, '40', '201'),
	(32, '2020', 881, 69, 13, 963, '40', '213'),
	(33, '2020', 993, 218, 25, 1236, '40', '218'),
	(34, '2020', NULL, NULL, NULL, NULL, '40', '220'),
	(35, '2020', NULL, NULL, NULL, NULL, '40', '250'),
	(36, '2020', NULL, NULL, NULL, NULL, '40', '315'),
	(37, '2020', 550, 2, 21, 573, '50', '201'),
	(38, '2020', 21, 0, 0, 21, '50', '213'),
	(39, '2020', 22, 0, 1, 23, '50', '218'),
	(40, '2020', NULL, NULL, NULL, NULL, '50', '220'),
	(41, '2020', NULL, NULL, NULL, NULL, '50', '250'),
	(42, '2020', NULL, NULL, NULL, NULL, '50', '315'),
	(43, '2020', 1094, 1, 10, 1106, '51', '201'),
	(44, '2020', 43, 0, 0, 43, '51', '213'),
	(45, '2020', 44, 0, 1, 45, '51', '218'),
	(46, '2020', NULL, NULL, NULL, NULL, '51', '220'),
	(47, '2020', NULL, NULL, NULL, NULL, '51', '250'),
	(48, '2020', NULL, NULL, NULL, NULL, '51', '315'),
	(49, '2020', 823, 0, 21, 844, '52', '201'),
	(50, '2020', 196, 0, 0, 196, '52', '213'),
	(51, '2020', 33, 0, 1, 34, '52', '218'),
	(52, '2020', NULL, NULL, NULL, NULL, '52', '220'),
	(53, '2020', NULL, NULL, NULL, NULL, '52', '250'),
	(54, '2020', 53, 0, 0, 53, '52', '301'),
	(55, '2020', NULL, NULL, NULL, NULL, '52', '315'),
	(56, '2020', 595, 0, 101, 696, '58', '201'),
	(57, '2020', 50, 0, 2, 52, '58', '213'),
	(58, '2020', 24, 0, 1, 25, '58', '218'),
	(59, '2020', NULL, NULL, NULL, NULL, '58', '220'),
	(60, '2020', NULL, NULL, NULL, NULL, '58', '250'),
	(61, '2020', NULL, NULL, NULL, NULL, '58', '315'),
	(62, '2020', 12345, 1138, 260, 13743, '59', '201'),
	(63, '2020', 435, 71, 5, 510, '59', '213'),
	(64, '2020', 494, 100, 12, 606, '59', '218'),
	(65, '2020', NULL, NULL, NULL, NULL, '59', '220'),
	(66, '2020', NULL, NULL, NULL, NULL, '59', '250'),
	(67, '2020', NULL, NULL, NULL, NULL, '59', '315'),
	(68, '2020', 883, 0, 8, 892, '62', '201'),
	(69, '2020', 69, 0, 0, 69, '62', '213'),
	(70, '2020', 35, 0, 1, 36, '62', '218'),
	(71, '2020', NULL, NULL, NULL, NULL, '62', '220'),
	(72, '2020', NULL, NULL, NULL, NULL, '62', '250'),
	(73, '2020', NULL, NULL, NULL, NULL, '62', '315'),
	(74, '2020', 13539, 1314, 242, 15095, '63', '201'),
	(75, '2020', 560, 78, 11, 650, '63', '213'),
	(76, '2020', 542, 112, 14, 667, '63', '218'),
	(77, '2020', NULL, NULL, NULL, NULL, '63', '220'),
	(78, '2020', NULL, NULL, NULL, NULL, '63', '250'),
	(79, '2020', NULL, NULL, NULL, NULL, '63', '315'),
	(80, '2020', 8773, 870, 212, 9854, '65', '201'),
	(81, '2020', 12, 0, 0, 13, '65', '213'),
	(82, '2020', 351, 72, 9, 432, '65', '218'),
	(83, '2020', NULL, NULL, NULL, NULL, '65', '220'),
	(84, '2020', NULL, NULL, NULL, NULL, '65', '250'),
	(85, '2020', NULL, NULL, NULL, NULL, '65', '315'),
	(86, '2020', 28716, 601, 419, 29737, '66', '201'),
	(87, '2020', 245, 0, 8, 253, '66', '213'),
	(88, '2020', 19283, 465, 482, 20230, '66', '218'),
	(89, '2020', NULL, NULL, NULL, NULL, '66', '220'),
	(90, '2020', NULL, NULL, NULL, NULL, '66', '250'),
	(91, '2020', NULL, NULL, NULL, NULL, '66', '315'),
	(92, '2020', 1302, 0, 57, 1359, '67', '201'),
	(93, '2020', 107, 0, 0, 107, '67', '213'),
	(94, '2020', 52, 0, 1, 53, '67', '218'),
	(95, '2020', NULL, NULL, NULL, NULL, '67', '220'),
	(96, '2020', NULL, NULL, NULL, NULL, '67', '250'),
	(97, '2020', NULL, NULL, NULL, NULL, '67', '315'),
	(98, '2020', 716, 5, 9, 731, '68', '201'),
	(99, '2020', 75, 0, 2, 77, '68', '213'),
	(100, '2020', 29, 0, 1, 30, '68', '218'),
	(101, '2020', NULL, NULL, NULL, NULL, '68', '220'),
	(102, '2020', NULL, NULL, NULL, NULL, '68', '250'),
	(103, '2020', NULL, NULL, NULL, NULL, '68', '315'),
	(104, '2020', 524, 0, 21, 545, '70', '201'),
	(105, '2020', 40, 0, 2, 42, '70', '213'),
	(106, '2020', 21, 0, 1, 22, '70', '218'),
	(107, '2020', NULL, NULL, NULL, NULL, '70', '220'),
	(108, '2020', NULL, NULL, NULL, NULL, '70', '250'),
	(109, '2020', NULL, NULL, NULL, NULL, '70', '315'),
	(110, '2020', 1769, 0, 18, 1787, '71', '201'),
	(111, '2020', 43, 0, 2, 45, '71', '213'),
	(112, '2020', 71, 0, 2, 73, '71', '218'),
	(113, '2020', NULL, NULL, NULL, NULL, '71', '220'),
	(114, '2020', NULL, NULL, NULL, NULL, '71', '250'),
	(115, '2020', NULL, NULL, NULL, NULL, '71', '315'),
	(116, '2020', 18964, 1803, 422, 21189, '75', '201'),
	(117, '2020', 670, 120, 11, 802, '75', '213'),
	(118, '2020', 759, 119, 19, 897, '75', '218'),
	(119, '2020', NULL, NULL, NULL, NULL, '75', '220'),
	(120, '2020', NULL, NULL, NULL, NULL, '75', '250'),
	(121, '2020', NULL, NULL, NULL, NULL, '75', '315'),
	(122, '2020', NULL, NULL, NULL, NULL, '76', '201'),
	(123, '2020', NULL, NULL, NULL, NULL, '76', '213'),
	(124, '2020', NULL, NULL, NULL, NULL, '76', '218'),
	(125, '2020', NULL, NULL, NULL, NULL, '76', '220'),
	(126, '2020', NULL, NULL, NULL, NULL, '76', '250'),
	(127, '2020', 4890, 19, 15, 4924, '79', '201'),
	(128, '2020', 93, 0, 0, 93, '79', '213'),
	(129, '2020', 196, 0, 5, 201, '79', '218'),
	(130, '2020', NULL, NULL, NULL, NULL, '79', '220'),
	(131, '2020', NULL, NULL, NULL, NULL, '79', '250'),
	(132, '2020', NULL, NULL, NULL, NULL, '79', '315'),
	(133, '2020', 2578, 120, 18, 2716, '80', '201'),
	(134, '2020', 172, 15, 3, 191, '80', '213'),
	(135, '2020', 103, 0, 3, 106, '80', '218'),
	(136, '2020', NULL, NULL, NULL, NULL, '80', '220'),
	(137, '2020', NULL, NULL, NULL, NULL, '80', '250'),
	(138, '2020', NULL, NULL, NULL, NULL, '80', '315'),
	(139, '2020', 8416, 691, 168, 9274, '82', '201'),
	(140, '2020', 251, 50, 5, 306, '82', '213'),
	(141, '2020', 337, 69, 8, 414, '82', '218'),
	(142, '2020', NULL, NULL, NULL, NULL, '82', '220'),
	(143, '2020', NULL, NULL, NULL, NULL, '82', '250'),
	(144, '2020', NULL, NULL, NULL, NULL, '82', '315'),
	(145, '2020', 969, 0, 8, 978, '83', '201'),
	(146, '2020', 70, 0, 0, 70, '83', '213'),
	(147, '2020', 39, 0, 1, 40, '83', '218'),
	(148, '2020', NULL, NULL, NULL, NULL, '83', '220'),
	(149, '2020', NULL, NULL, NULL, NULL, '83', '250'),
	(150, '2020', 79, 0, 0, 79, '83', '301'),
	(151, '2020', NULL, NULL, NULL, NULL, '83', '315'),
	(152, '2020', NULL, NULL, NULL, NULL, '84', '201'),
	(153, '2020', NULL, NULL, NULL, NULL, '84', '213'),
	(154, '2020', NULL, NULL, NULL, NULL, '84', '218'),
	(155, '2020', NULL, NULL, NULL, NULL, '84', '220'),
	(156, '2020', NULL, NULL, NULL, NULL, '84', '250'),
	(157, '2020', NULL, NULL, NULL, NULL, '84', '315'),
	(158, '2020', 730, 0, 4, 734, '85', '201'),
	(159, '2020', 68, 0, 0, 68, '85', '213'),
	(160, '2020', 29, 0, 1, 30, '85', '218'),
	(161, '2020', NULL, NULL, NULL, NULL, '85', '220'),
	(162, '2020', NULL, NULL, NULL, NULL, '85', '250'),
	(163, '2020', 32, 0, 0, 32, '85', '301'),
	(164, '2020', NULL, NULL, NULL, NULL, '85', '315'),
	(165, '2020', 486, 0, 11, 497, '88', '201'),
	(166, '2020', 71, 0, 2, 72, '88', '213'),
	(167, '2020', 19, 0, 0, 19, '88', '218'),
	(168, '2020', NULL, NULL, NULL, NULL, '88', '220'),
	(169, '2020', NULL, NULL, NULL, NULL, '88', '250'),
	(170, '2020', 33, 0, 0, 33, '88', '301'),
	(171, '2020', NULL, NULL, NULL, NULL, '88', '315'),
	(172, '2020', 1273, 3, 26, 1302, '89', '201'),
	(173, '2020', 140, 0, 2, 142, '89', '213'),
	(174, '2020', 51, 0, 1, 52, '89', '218'),
	(175, '2020', NULL, NULL, NULL, NULL, '89', '220'),
	(176, '2020', NULL, NULL, NULL, NULL, '89', '250'),
	(177, '2020', 117, 0, 0, 117, '89', '301'),
	(178, '2020', NULL, NULL, NULL, NULL, '89', '315'),
	(179, '2020', 1005, 0, 36, 1041, '90', '201'),
	(180, '2020', 205, 0, 8, 213, '90', '213'),
	(181, '2020', 40, 0, 1, 41, '90', '218'),
	(182, '2020', NULL, NULL, NULL, NULL, '90', '220'),
	(183, '2020', NULL, NULL, NULL, NULL, '90', '250'),
	(184, '2020', 73, 0, 0, 73, '90', '301'),
	(185, '2020', NULL, NULL, NULL, NULL, '90', '315'),
	(186, '2020', 917, 0, 19, 935, '91', '201'),
	(187, '2020', 103, 0, 3, 106, '91', '213'),
	(188, '2020', 37, 0, 1, 38, '91', '218'),
	(189, '2020', NULL, NULL, NULL, NULL, '91', '220'),
	(190, '2020', NULL, NULL, NULL, NULL, '91', '250'),
	(191, '2020', 30, 0, 0, 30, '91', '301'),
	(192, '2020', NULL, NULL, NULL, NULL, '91', '315'),
	(193, '2020', 1285, 0, 93, 1378, '92', '201'),
	(194, '2020', 66, 0, 0, 66, '92', '213'),
	(195, '2020', 51, 0, 1, 52, '92', '218'),
	(196, '2020', NULL, NULL, NULL, NULL, '92', '220'),
	(197, '2020', NULL, NULL, NULL, NULL, '92', '250'),
	(198, '2020', NULL, NULL, NULL, NULL, '92', '315'),
	(199, '2020', 58869, 5073, 1291, 65233, '93', '201'),
	(200, '2020', 6766, 333, 150, 7248, '93', '213'),
	(201, '2020', 2355, 436, 59, 2850, '93', '218'),
	(202, '2020', NULL, NULL, NULL, NULL, '93', '220'),
	(203, '2020', NULL, NULL, NULL, NULL, '93', '250'),
	(204, '2020', NULL, NULL, NULL, NULL, '93', '315'),
	(205, '2020', 1266, 18, 15, 1300, '94', '201'),
	(206, '2020', 71, 2, 2, 75, '94', '213'),
	(207, '2020', 51, 0, 1, 52, '94', '218'),
	(208, '2020', NULL, NULL, NULL, NULL, '94', '220'),
	(209, '2020', NULL, NULL, NULL, NULL, '94', '250'),
	(210, '2020', 126, 0, 0, 43, '94', '301'),
	(211, '2020', NULL, NULL, NULL, NULL, '94', '315'),
	(212, '2020', 413, 0, 6, 419, '97', '201'),
	(213, '2020', 69, 0, 2, 71, '97', '213'),
	(214, '2020', 17, 0, 0, 17, '97', '218'),
	(215, '2020', NULL, NULL, NULL, NULL, '97', '220'),
	(216, '2020', NULL, NULL, NULL, NULL, '97', '250'),
	(217, '2020', 43, 0, 0, 43, '97', '301'),
	(218, '2020', NULL, NULL, NULL, NULL, '97', '315'),
	(219, '2020', 2548, 0, 3, 2551, '100', '201'),
	(220, '2020', 12, 0, 0, 12, '100', '213'),
	(221, '2020', 0, 0, 0, 0, '100', '218'),
	(222, '2020', NULL, NULL, NULL, NULL, '100', '315'),
	(223, '2020', 491, 0, 9, 501, '102', '201'),
	(224, '2020', 65, 0, 2, 67, '102', '213'),
	(225, '2020', 20, 0, 0, 20, '102', '218'),
	(226, '2020', NULL, NULL, NULL, NULL, '102', '220'),
	(227, '2020', NULL, NULL, NULL, NULL, '102', '250'),
	(228, '2020', 41, 0, 0, 42, '102', '301'),
	(229, '2020', NULL, NULL, NULL, NULL, '102', '315'),
	(230, '2020', 520, 20, 8, 548, '104', '201'),
	(231, '2020', 12, 0, 0, 12, '104', '213'),
	(232, '2020', 21, 0, 1, 21, '104', '218'),
	(233, '2020', NULL, NULL, NULL, NULL, '104', '220'),
	(234, '2020', NULL, NULL, NULL, NULL, '104', '250'),
	(235, '2020', NULL, NULL, NULL, NULL, '104', '315'),
	(236, '2020', 456, 0, 24, 479, '130', '201'),
	(237, '2020', 34, 0, 2, 35, '130', '213'),
	(238, '2020', 18, 0, 0, 19, '130', '218'),
	(239, '2020', NULL, NULL, NULL, NULL, '130', '220'),
	(240, '2020', NULL, NULL, NULL, NULL, '130', '250'),
	(241, '2020', NULL, NULL, NULL, NULL, '130', '315'),
	(242, '2020', 112, 0, 4, 116, '150', '201'),
	(243, '2020', 12, 0, 0, 12, '150', '213'),
	(244, '2020', 12, 0, 0, 12, '150', '218'),
	(245, '2020', NULL, NULL, NULL, NULL, '150', '315'),
	(246, '2020', NULL, NULL, NULL, NULL, '190', '108'),
	(247, '2020', NULL, NULL, NULL, NULL, '190', '124'),
	(248, '2020', NULL, NULL, NULL, NULL, '190', '216'),
	(249, '2020', NULL, NULL, NULL, NULL, '190', '221'),
	(250, '2020', NULL, NULL, NULL, NULL, '190', '222'),
	(251, '2020', NULL, NULL, NULL, NULL, '210', '201'),
	(252, '2020', NULL, NULL, NULL, NULL, '210', '213'),
	(253, '2020', NULL, NULL, NULL, NULL, '210', '218'),
	(254, '2020', NULL, NULL, NULL, NULL, '210', '220'),
	(255, '2020', NULL, NULL, NULL, NULL, '210', '250'),
	(256, '2020', NULL, NULL, NULL, NULL, '210', '315'),
	(257, '2020', NULL, NULL, NULL, NULL, '220', '201'),
	(258, '2020', NULL, NULL, NULL, NULL, '220', '213'),
	(259, '2020', NULL, NULL, NULL, NULL, '220', '218'),
	(260, '2020', NULL, NULL, NULL, NULL, '220', '315');
/*!40000 ALTER TABLE `presupuesto_anio` ENABLE KEYS */;

-- Volcando estructura para tabla presupuestos_ventas.presupuesto_mes
DROP TABLE IF EXISTS `presupuesto_mes`;
CREATE TABLE IF NOT EXISTS `presupuesto_mes` (
  `idPresMes` int(11) NOT NULL AUTO_INCREMENT,
  `idPresAnio` int(11) DEFAULT NULL,
  `mes` date DEFAULT NULL,
  `cantMesU` int(11) DEFAULT NULL,
  `cantPromoU` int(11) DEFAULT NULL,
  `cantGarantU` int(11) DEFAULT NULL,
  `cantTotalU` int(11) DEFAULT NULL,
  `presMesV` double(22,0) DEFAULT NULL,
  PRIMARY KEY (`idPresMes`),
  KEY `FK_presupuesto_mes_presupuesto_anio` (`idPresAnio`),
  CONSTRAINT `FK_presupuesto_mes_presupuesto_anio` FOREIGN KEY (`idPresAnio`) REFERENCES `presupuesto_anio` (`idPresAnio`)
) ENGINE=InnoDB AUTO_INCREMENT=3085 DEFAULT CHARSET=utf8;

-- Volcando datos para la tabla presupuestos_ventas.presupuesto_mes: ~3.084 rows (aproximadamente)
/*!40000 ALTER TABLE `presupuesto_mes` DISABLE KEYS */;
INSERT INTO `presupuesto_mes` (`idPresMes`, `idPresAnio`, `mes`, `cantMesU`, `cantPromoU`, `cantGarantU`, `cantTotalU`, `presMesV`) VALUES
	(1, 1, '2020-01-01', 58, 3, 2, 62, 4778),
	(2, 1, '2020-02-01', 58, 3, 2, 62, 4755),
	(3, 1, '2020-03-01', 61, 3, 2, 66, 5026),
	(4, 1, '2020-04-01', 59, 3, 2, 63, 4831),
	(5, 1, '2020-05-01', 62, 3, 2, 67, 5141),
	(6, 1, '2020-06-01', 58, 3, 2, 63, 4783),
	(7, 1, '2020-07-01', 59, 3, 2, 64, 4864),
	(8, 1, '2020-08-01', 56, 3, 2, 60, 4623),
	(9, 1, '2020-09-01', 55, 3, 2, 59, 4504),
	(10, 1, '2020-10-01', 56, 3, 2, 60, 4589),
	(11, 1, '2020-11-01', 57, 3, 2, 61, 4687),
	(12, 1, '2020-12-01', 54, 2, 2, 58, 4457),
	(13, 2, '2020-01-01', 4, 0, 0, 4, 301),
	(14, 2, '2020-02-01', 4, 0, 0, 4, 297),
	(15, 2, '2020-03-01', 4, 0, 0, 4, 316),
	(16, 2, '2020-04-01', 4, 0, 0, 4, 301),
	(17, 2, '2020-05-01', 4, 0, 0, 4, 323),
	(18, 2, '2020-06-01', 4, 0, 0, 4, 298),
	(19, 2, '2020-07-01', 4, 0, 0, 4, 302),
	(20, 2, '2020-08-01', 4, 0, 0, 4, 290),
	(21, 2, '2020-09-01', 3, 0, 0, 4, 283),
	(22, 2, '2020-10-01', 4, 0, 0, 4, 288),
	(23, 2, '2020-11-01', 4, 0, 0, 4, 294),
	(24, 2, '2020-12-01', 3, 0, 0, 4, 281),
	(25, 3, '2020-01-01', 2, 0, 0, 2, 184),
	(26, 3, '2020-02-01', 2, 0, 0, 2, 183),
	(27, 3, '2020-03-01', 2, 0, 0, 3, 194),
	(28, 3, '2020-04-01', 2, 0, 0, 2, 186),
	(29, 3, '2020-05-01', 2, 0, 0, 3, 198),
	(30, 3, '2020-06-01', 2, 0, 0, 2, 184),
	(31, 3, '2020-07-01', 2, 0, 0, 2, 187),
	(32, 3, '2020-08-01', 2, 0, 0, 2, 178),
	(33, 3, '2020-09-01', 2, 0, 0, 2, 173),
	(34, 3, '2020-10-01', 2, 0, 0, 2, 177),
	(35, 3, '2020-11-01', 2, 0, 0, 2, 180),
	(36, 3, '2020-12-01', 2, 0, 0, 2, 172),
	(37, 4, '2020-01-01', 33, 0, 0, 33, 43),
	(38, 4, '2020-02-01', 33, 0, 0, 33, 43),
	(39, 4, '2020-03-01', 35, 0, 0, 35, 46),
	(40, 4, '2020-04-01', 34, 0, 0, 34, 44),
	(41, 4, '2020-05-01', 36, 0, 0, 36, 47),
	(42, 4, '2020-06-01', 33, 0, 0, 33, 43),
	(43, 4, '2020-07-01', 34, 0, 0, 34, 44),
	(44, 4, '2020-08-01', 32, 0, 0, 32, 42),
	(45, 4, '2020-09-01', 31, 0, 0, 31, 41),
	(46, 4, '2020-10-01', 32, 0, 0, 32, 42),
	(47, 4, '2020-11-01', 33, 0, 0, 33, 43),
	(48, 4, '2020-12-01', 31, 0, 0, 31, 41),
	(49, 5, '2020-01-01', 11, 0, 0, 11, 9),
	(50, 5, '2020-02-01', 10, 0, 0, 10, 9),
	(51, 5, '2020-03-01', 11, 0, 0, 11, 9),
	(52, 5, '2020-04-01', 11, 0, 0, 11, 9),
	(53, 5, '2020-05-01', 11, 0, 0, 11, 10),
	(54, 5, '2020-06-01', 11, 0, 0, 11, 9),
	(55, 5, '2020-07-01', 11, 0, 0, 11, 9),
	(56, 5, '2020-08-01', 10, 0, 0, 10, 9),
	(57, 5, '2020-09-01', 10, 0, 0, 10, 8),
	(58, 5, '2020-10-01', 10, 0, 0, 10, 9),
	(59, 5, '2020-11-01', 10, 0, 0, 10, 9),
	(60, 5, '2020-12-01', 10, 0, 0, 10, 8),
	(61, 6, '2020-01-01', 4, 0, 0, 4, 0),
	(62, 6, '2020-02-01', 3, 0, 0, 3, 0),
	(63, 6, '2020-03-01', 5, 0, 0, 5, 0),
	(64, 6, '2020-04-01', 4, 0, 0, 4, 0),
	(65, 6, '2020-05-01', 3, 0, 0, 3, 0),
	(66, 6, '2020-06-01', 3, 0, 0, 3, 0),
	(67, 6, '2020-07-01', 3, 0, 0, 3, 0),
	(68, 6, '2020-08-01', 2, 0, 0, 2, 0),
	(69, 6, '2020-09-01', 7, 0, 0, 7, 0),
	(70, 6, '2020-10-01', 3, 0, 0, 3, 0),
	(71, 6, '2020-11-01', 6, 0, 0, 6, 0),
	(72, 6, '2020-12-01', 3, 0, 0, 3, 0),
	(73, 7, '2020-01-01', 537, 0, 13, 550, 54117),
	(74, 7, '2020-02-01', 534, 0, 13, 547, 53857),
	(75, 7, '2020-03-01', 565, 0, 13, 578, 56930),
	(76, 7, '2020-04-01', 543, 0, 13, 556, 54716),
	(77, 7, '2020-05-01', 578, 0, 14, 592, 58227),
	(78, 7, '2020-06-01', 538, 0, 13, 550, 54176),
	(79, 7, '2020-07-01', 547, 0, 13, 560, 55089),
	(80, 7, '2020-08-01', 520, 0, 12, 532, 52362),
	(81, 7, '2020-09-01', 506, 0, 12, 518, 51012),
	(82, 7, '2020-10-01', 516, 0, 12, 528, 51981),
	(83, 7, '2020-11-01', 527, 0, 13, 539, 53080),
	(84, 7, '2020-12-01', 501, 0, 12, 513, 50481),
	(85, 8, '2020-01-01', 30, 0, 0, 31, 3107),
	(86, 8, '2020-02-01', 30, 0, 0, 30, 3057),
	(87, 8, '2020-03-01', 32, 0, 0, 32, 3252),
	(88, 8, '2020-04-01', 30, 0, 0, 31, 3098),
	(89, 8, '2020-05-01', 32, 0, 0, 33, 3326),
	(90, 8, '2020-06-01', 30, 0, 0, 30, 3071),
	(91, 8, '2020-07-01', 30, 0, 0, 31, 3114),
	(92, 8, '2020-08-01', 29, 0, 0, 29, 2993),
	(93, 8, '2020-09-01', 28, 0, 0, 29, 2914),
	(94, 8, '2020-10-01', 29, 0, 0, 29, 2971),
	(95, 8, '2020-11-01', 29, 0, 0, 30, 3031),
	(96, 8, '2020-12-01', 28, 0, 0, 28, 2891),
	(97, 9, '2020-01-01', 21, 0, 1, 22, 2203),
	(98, 9, '2020-02-01', 21, 0, 1, 22, 2193),
	(99, 9, '2020-03-01', 23, 0, 1, 23, 2318),
	(100, 9, '2020-04-01', 22, 0, 1, 22, 2228),
	(101, 9, '2020-05-01', 23, 0, 1, 24, 2370),
	(102, 9, '2020-06-01', 22, 0, 1, 22, 2206),
	(103, 9, '2020-07-01', 22, 0, 1, 22, 2243),
	(104, 9, '2020-08-01', 21, 0, 1, 21, 2132),
	(105, 9, '2020-09-01', 20, 0, 1, 21, 2077),
	(106, 9, '2020-10-01', 21, 0, 1, 21, 2116),
	(107, 9, '2020-11-01', 21, 0, 1, 22, 2161),
	(108, 9, '2020-12-01', 20, 0, 1, 21, 2055),
	(109, 10, '2020-01-01', 163, 0, 0, 163, 242),
	(110, 10, '2020-02-01', 162, 0, 0, 162, 241),
	(111, 10, '2020-03-01', 171, 0, 0, 171, 255),
	(112, 10, '2020-04-01', 165, 0, 0, 165, 245),
	(113, 10, '2020-05-01', 175, 0, 0, 175, 261),
	(114, 10, '2020-06-01', 163, 0, 0, 163, 242),
	(115, 10, '2020-07-01', 166, 0, 0, 166, 247),
	(116, 10, '2020-08-01', 158, 0, 0, 158, 234),
	(117, 10, '2020-09-01', 154, 0, 0, 154, 228),
	(118, 10, '2020-10-01', 156, 0, 0, 156, 233),
	(119, 10, '2020-11-01', 160, 0, 0, 160, 238),
	(120, 10, '2020-12-01', 152, 0, 0, 152, 226),
	(121, 11, '2020-01-01', 342, 0, 0, 342, 306),
	(122, 11, '2020-02-01', 341, 0, 0, 341, 304),
	(123, 11, '2020-03-01', 360, 0, 0, 360, 322),
	(124, 11, '2020-04-01', 346, 0, 0, 346, 309),
	(125, 11, '2020-05-01', 368, 0, 0, 368, 329),
	(126, 11, '2020-06-01', 343, 0, 0, 343, 306),
	(127, 11, '2020-07-01', 348, 0, 0, 348, 311),
	(128, 11, '2020-08-01', 331, 0, 0, 331, 296),
	(129, 11, '2020-09-01', 323, 0, 0, 323, 288),
	(130, 11, '2020-10-01', 329, 0, 0, 329, 294),
	(131, 11, '2020-11-01', 336, 0, 0, 336, 300),
	(132, 11, '2020-12-01', 319, 0, 0, 319, 285),
	(133, 12, '2020-01-01', 50, 0, 0, 50, 0),
	(134, 12, '2020-02-01', 37, 0, 0, 37, 0),
	(135, 12, '2020-03-01', 60, 0, 0, 60, 0),
	(136, 12, '2020-04-01', 46, 0, 0, 46, 0),
	(137, 12, '2020-05-01', 42, 0, 0, 42, 0),
	(138, 12, '2020-06-01', 31, 0, 0, 31, 0),
	(139, 12, '2020-07-01', 32, 0, 0, 32, 0),
	(140, 12, '2020-08-01', 19, 0, 0, 19, 0),
	(141, 12, '2020-09-01', 82, 0, 0, 82, 0),
	(142, 12, '2020-10-01', 39, 0, 0, 39, 0),
	(143, 12, '2020-11-01', 71, 0, 0, 71, 0),
	(144, 12, '2020-12-01', 38, 0, 0, 38, 0),
	(145, 13, '2020-01-01', 46, 1, 15, 62, 4296),
	(146, 13, '2020-02-01', 46, 1, 15, 62, 4275),
	(147, 13, '2020-03-01', 49, 1, 16, 65, 4519),
	(148, 13, '2020-04-01', 47, 1, 15, 63, 4343),
	(149, 13, '2020-05-01', 50, 1, 16, 67, 4622),
	(150, 13, '2020-06-01', 46, 1, 15, 62, 4301),
	(151, 13, '2020-07-01', 47, 1, 15, 63, 4373),
	(152, 13, '2020-08-01', 45, 1, 14, 60, 4157),
	(153, 13, '2020-09-01', 44, 1, 14, 58, 4049),
	(154, 13, '2020-10-01', 44, 1, 14, 60, 4126),
	(155, 13, '2020-11-01', 45, 1, 14, 61, 4214),
	(156, 13, '2020-12-01', 43, 1, 14, 58, 4007),
	(157, 14, '2020-01-01', 1, 0, 0, 1, 90),
	(158, 14, '2020-02-01', 1, 0, 0, 1, 88),
	(159, 14, '2020-03-01', 1, 0, 0, 1, 94),
	(160, 14, '2020-04-01', 1, 0, 0, 1, 89),
	(161, 14, '2020-05-01', 1, 0, 0, 1, 96),
	(162, 14, '2020-06-01', 1, 0, 0, 1, 88),
	(163, 14, '2020-07-01', 1, 0, 0, 1, 90),
	(164, 14, '2020-08-01', 1, 0, 0, 1, 86),
	(165, 14, '2020-09-01', 1, 0, 0, 1, 84),
	(166, 14, '2020-10-01', 1, 0, 0, 1, 86),
	(167, 14, '2020-11-01', 1, 0, 0, 1, 87),
	(168, 14, '2020-12-01', 1, 0, 0, 1, 83),
	(169, 15, '2020-01-01', 2, 0, 0, 2, 191),
	(170, 15, '2020-02-01', 2, 0, 0, 2, 190),
	(171, 15, '2020-03-01', 2, 0, 0, 2, 201),
	(172, 15, '2020-04-01', 2, 0, 0, 2, 193),
	(173, 15, '2020-05-01', 2, 0, 0, 2, 205),
	(174, 15, '2020-06-01', 2, 0, 0, 2, 191),
	(175, 15, '2020-07-01', 2, 0, 0, 2, 194),
	(176, 15, '2020-08-01', 2, 0, 0, 2, 184),
	(177, 15, '2020-09-01', 2, 0, 0, 2, 180),
	(178, 15, '2020-10-01', 2, 0, 0, 2, 183),
	(179, 15, '2020-11-01', 2, 0, 0, 2, 187),
	(180, 15, '2020-12-01', 2, 0, 0, 2, 178),
	(181, 16, '2020-01-01', 1, 0, 0, 1, 1),
	(182, 16, '2020-02-01', 1, 0, 0, 1, 1),
	(183, 16, '2020-03-01', 1, 0, 0, 1, 1),
	(184, 16, '2020-04-01', 1, 0, 0, 1, 1),
	(185, 16, '2020-05-01', 1, 0, 0, 1, 1),
	(186, 16, '2020-06-01', 1, 0, 0, 1, 1),
	(187, 16, '2020-07-01', 1, 0, 0, 1, 1),
	(188, 16, '2020-08-01', 1, 0, 0, 1, 1),
	(189, 16, '2020-09-01', 1, 0, 0, 1, 1),
	(190, 16, '2020-10-01', 1, 0, 0, 1, 1),
	(191, 16, '2020-11-01', 1, 0, 0, 1, 1),
	(192, 16, '2020-12-01', 1, 0, 0, 1, 1),
	(193, 17, '2020-01-01', 148, 0, 0, 148, 89),
	(194, 17, '2020-02-01', 147, 0, 0, 147, 89),
	(195, 17, '2020-03-01', 156, 0, 0, 156, 94),
	(196, 17, '2020-04-01', 150, 0, 0, 150, 90),
	(197, 17, '2020-05-01', 159, 0, 0, 159, 96),
	(198, 17, '2020-06-01', 148, 0, 0, 148, 89),
	(199, 17, '2020-07-01', 151, 0, 0, 151, 91),
	(200, 17, '2020-08-01', 143, 0, 0, 143, 86),
	(201, 17, '2020-09-01', 139, 0, 0, 139, 84),
	(202, 17, '2020-10-01', 142, 0, 0, 142, 86),
	(203, 17, '2020-11-01', 145, 0, 0, 145, 88),
	(204, 17, '2020-12-01', 138, 0, 0, 138, 83),
	(205, 18, '2020-01-01', 1, 0, 0, 1, 0),
	(206, 18, '2020-02-01', 1, 0, 0, 1, 0),
	(207, 18, '2020-03-01', 2, 0, 0, 2, 0),
	(208, 18, '2020-04-01', 1, 0, 0, 1, 0),
	(209, 18, '2020-05-01', 1, 0, 0, 1, 0),
	(210, 18, '2020-06-01', 1, 0, 0, 1, 0),
	(211, 18, '2020-07-01', 1, 0, 0, 1, 0),
	(212, 18, '2020-08-01', 1, 0, 0, 1, 0),
	(213, 18, '2020-09-01', 2, 0, 0, 2, 0),
	(214, 18, '2020-10-01', 1, 0, 0, 1, 0),
	(215, 18, '2020-11-01', 2, 0, 0, 2, 0),
	(216, 18, '2020-12-01', 1, 0, 0, 1, 0),
	(217, 19, '2020-01-01', 21, 0, 1, 22, 1882),
	(218, 19, '2020-02-01', 21, 0, 1, 22, 1873),
	(219, 19, '2020-03-01', 23, 0, 1, 23, 1980),
	(220, 19, '2020-04-01', 22, 0, 1, 22, 1902),
	(221, 19, '2020-05-01', 23, 0, 1, 24, 2025),
	(222, 19, '2020-06-01', 22, 0, 1, 22, 1884),
	(223, 19, '2020-07-01', 22, 0, 1, 23, 1916),
	(224, 19, '2020-08-01', 21, 0, 1, 21, 1821),
	(225, 19, '2020-09-01', 20, 0, 1, 21, 1774),
	(226, 19, '2020-10-01', 21, 0, 1, 21, 1808),
	(227, 19, '2020-11-01', 21, 0, 1, 22, 1846),
	(228, 19, '2020-12-01', 20, 0, 1, 21, 1756),
	(229, 20, '2020-01-01', 1, 0, 0, 1, 79),
	(230, 20, '2020-02-01', 1, 0, 0, 1, 78),
	(231, 20, '2020-03-01', 1, 0, 0, 1, 83),
	(232, 20, '2020-04-01', 1, 0, 0, 1, 79),
	(233, 20, '2020-05-01', 1, 0, 0, 1, 85),
	(234, 20, '2020-06-01', 1, 0, 0, 1, 78),
	(235, 20, '2020-07-01', 1, 0, 0, 1, 79),
	(236, 20, '2020-08-01', 1, 0, 0, 1, 76),
	(237, 20, '2020-09-01', 1, 0, 0, 1, 74),
	(238, 20, '2020-10-01', 1, 0, 0, 1, 76),
	(239, 20, '2020-11-01', 1, 0, 0, 1, 77),
	(240, 20, '2020-12-01', 1, 0, 0, 1, 74),
	(241, 21, '2020-01-01', 1, 0, 0, 1, 81),
	(242, 21, '2020-02-01', 1, 0, 0, 1, 81),
	(243, 21, '2020-03-01', 1, 0, 0, 1, 85),
	(244, 21, '2020-04-01', 1, 0, 0, 1, 82),
	(245, 21, '2020-05-01', 1, 0, 0, 1, 87),
	(246, 21, '2020-06-01', 1, 0, 0, 1, 81),
	(247, 21, '2020-07-01', 1, 0, 0, 1, 83),
	(248, 21, '2020-08-01', 1, 0, 0, 1, 78),
	(249, 21, '2020-09-01', 1, 0, 0, 1, 76),
	(250, 21, '2020-10-01', 1, 0, 0, 1, 78),
	(251, 21, '2020-11-01', 1, 0, 0, 1, 80),
	(252, 21, '2020-12-01', 1, 0, 0, 1, 76),
	(253, 22, '2020-01-01', 12, 0, 0, 12, 10),
	(254, 22, '2020-02-01', 12, 0, 0, 12, 9),
	(255, 22, '2020-03-01', 12, 0, 0, 12, 10),
	(256, 22, '2020-04-01', 12, 0, 0, 12, 10),
	(257, 22, '2020-05-01', 13, 0, 0, 13, 10),
	(258, 22, '2020-06-01', 12, 0, 0, 12, 10),
	(259, 22, '2020-07-01', 12, 0, 0, 12, 10),
	(260, 22, '2020-08-01', 11, 0, 0, 11, 9),
	(261, 22, '2020-09-01', 11, 0, 0, 11, 9),
	(262, 22, '2020-10-01', 11, 0, 0, 11, 9),
	(263, 22, '2020-11-01', 12, 0, 0, 12, 9),
	(264, 22, '2020-12-01', 11, 0, 0, 11, 9),
	(265, 23, '2020-01-01', 14, 0, 0, 14, 7),
	(266, 23, '2020-02-01', 14, 0, 0, 14, 7),
	(267, 23, '2020-03-01', 14, 0, 0, 14, 7),
	(268, 23, '2020-04-01', 14, 0, 0, 14, 7),
	(269, 23, '2020-05-01', 15, 0, 0, 15, 7),
	(270, 23, '2020-06-01', 14, 0, 0, 14, 7),
	(271, 23, '2020-07-01', 14, 0, 0, 14, 7),
	(272, 23, '2020-08-01', 13, 0, 0, 13, 7),
	(273, 23, '2020-09-01', 13, 0, 0, 13, 6),
	(274, 23, '2020-10-01', 13, 0, 0, 13, 6),
	(275, 23, '2020-11-01', 13, 0, 0, 13, 7),
	(276, 23, '2020-12-01', 13, 0, 0, 13, 6),
	(277, 24, '2020-01-01', 9, 0, 0, 9, 0),
	(278, 24, '2020-02-01', 6, 0, 0, 6, 0),
	(279, 24, '2020-03-01', 10, 0, 0, 10, 0),
	(280, 24, '2020-04-01', 8, 0, 0, 8, 0),
	(281, 24, '2020-05-01', 7, 0, 0, 7, 0),
	(282, 24, '2020-06-01', 5, 0, 0, 5, 0),
	(283, 24, '2020-07-01', 6, 0, 0, 6, 0),
	(284, 24, '2020-08-01', 3, 0, 0, 3, 0),
	(285, 24, '2020-09-01', 14, 0, 0, 14, 0),
	(286, 24, '2020-10-01', 7, 0, 0, 7, 0),
	(287, 24, '2020-11-01', 12, 0, 0, 12, 0),
	(288, 24, '2020-12-01', 7, 0, 0, 7, 0),
	(289, 25, '2020-01-01', 97, 0, 2, 98, 9115),
	(290, 25, '2020-02-01', 96, 0, 2, 98, 9071),
	(291, 25, '2020-03-01', 102, 0, 2, 103, 9588),
	(292, 25, '2020-04-01', 98, 0, 2, 99, 9215),
	(293, 25, '2020-05-01', 104, 0, 2, 106, 9807),
	(294, 25, '2020-06-01', 97, 0, 2, 98, 9125),
	(295, 25, '2020-07-01', 98, 0, 2, 100, 9278),
	(296, 25, '2020-08-01', 93, 0, 2, 95, 8819),
	(297, 25, '2020-09-01', 91, 0, 2, 93, 8592),
	(298, 25, '2020-10-01', 93, 0, 2, 94, 8755),
	(299, 25, '2020-11-01', 95, 0, 2, 96, 8940),
	(300, 25, '2020-12-01', 90, 0, 2, 92, 8502),
	(301, 26, '2020-01-01', 12, 0, 0, 12, 1023),
	(302, 26, '2020-02-01', 12, 0, 0, 12, 1007),
	(303, 26, '2020-03-01', 12, 0, 0, 12, 1071),
	(304, 26, '2020-04-01', 12, 0, 0, 12, 1020),
	(305, 26, '2020-05-01', 13, 0, 0, 13, 1095),
	(306, 26, '2020-06-01', 12, 0, 0, 12, 1011),
	(307, 26, '2020-07-01', 12, 0, 0, 12, 1025),
	(308, 26, '2020-08-01', 11, 0, 0, 11, 986),
	(309, 26, '2020-09-01', 11, 0, 0, 11, 960),
	(310, 26, '2020-10-01', 11, 0, 0, 11, 979),
	(311, 26, '2020-11-01', 11, 0, 0, 12, 998),
	(312, 26, '2020-12-01', 11, 0, 0, 11, 952),
	(313, 27, '2020-01-01', 4, 0, 0, 4, 368),
	(314, 27, '2020-02-01', 4, 0, 0, 4, 366),
	(315, 27, '2020-03-01', 4, 0, 0, 4, 387),
	(316, 27, '2020-04-01', 4, 0, 0, 4, 372),
	(317, 27, '2020-05-01', 4, 0, 0, 4, 396),
	(318, 27, '2020-06-01', 4, 0, 0, 4, 368),
	(319, 27, '2020-07-01', 4, 0, 0, 4, 374),
	(320, 27, '2020-08-01', 4, 0, 0, 4, 356),
	(321, 27, '2020-09-01', 4, 0, 0, 4, 347),
	(322, 27, '2020-10-01', 4, 0, 0, 4, 353),
	(323, 27, '2020-11-01', 4, 0, 0, 4, 361),
	(324, 27, '2020-12-01', 4, 0, 0, 4, 343),
	(325, 28, '2020-01-01', 101, 0, 0, 101, 169),
	(326, 28, '2020-02-01', 100, 0, 0, 100, 169),
	(327, 28, '2020-03-01', 106, 0, 0, 106, 178),
	(328, 28, '2020-04-01', 102, 0, 0, 102, 171),
	(329, 28, '2020-05-01', 108, 0, 0, 108, 182),
	(330, 28, '2020-06-01', 101, 0, 0, 101, 170),
	(331, 28, '2020-07-01', 102, 0, 0, 102, 173),
	(332, 28, '2020-08-01', 97, 0, 0, 97, 164),
	(333, 28, '2020-09-01', 95, 0, 0, 95, 160),
	(334, 28, '2020-10-01', 97, 0, 0, 97, 163),
	(335, 28, '2020-11-01', 99, 0, 0, 99, 166),
	(336, 28, '2020-12-01', 94, 0, 0, 94, 158),
	(337, 29, '2020-01-01', 4, 0, 0, 4, 4),
	(338, 29, '2020-02-01', 4, 0, 0, 4, 4),
	(339, 29, '2020-03-01', 5, 0, 0, 5, 5),
	(340, 29, '2020-04-01', 4, 0, 0, 4, 5),
	(341, 29, '2020-05-01', 5, 0, 0, 5, 5),
	(342, 29, '2020-06-01', 4, 0, 0, 4, 4),
	(343, 29, '2020-07-01', 5, 0, 0, 5, 5),
	(344, 29, '2020-08-01', 4, 0, 0, 4, 4),
	(345, 29, '2020-09-01', 4, 0, 0, 4, 4),
	(346, 29, '2020-10-01', 4, 0, 0, 4, 4),
	(347, 29, '2020-11-01', 4, 0, 0, 4, 4),
	(348, 29, '2020-12-01', 4, 0, 0, 4, 4),
	(349, 30, '2020-01-01', 4, 0, 0, 4, 0),
	(350, 30, '2020-02-01', 3, 0, 0, 3, 0),
	(351, 30, '2020-03-01', 4, 0, 0, 4, 0),
	(352, 30, '2020-04-01', 3, 0, 0, 3, 0),
	(353, 30, '2020-05-01', 3, 0, 0, 3, 0),
	(354, 30, '2020-06-01', 2, 0, 0, 2, 0),
	(355, 30, '2020-07-01', 2, 0, 0, 2, 0),
	(356, 30, '2020-08-01', 1, 0, 0, 1, 0),
	(357, 30, '2020-09-01', 6, 0, 0, 6, 0),
	(358, 30, '2020-10-01', 3, 0, 0, 3, 0),
	(359, 30, '2020-11-01', 5, 0, 0, 5, 0),
	(360, 30, '2020-12-01', 3, 0, 0, 3, 0),
	(361, 31, '2020-01-01', 2080, 194, 38, 2312, 143696),
	(362, 31, '2020-02-01', 2070, 193, 38, 2301, 143006),
	(363, 31, '2020-03-01', 2188, 204, 40, 2432, 151168),
	(364, 31, '2020-04-01', 2103, 196, 39, 2338, 145286),
	(365, 31, '2020-05-01', 2238, 209, 41, 2488, 154611),
	(366, 31, '2020-06-01', 2082, 195, 38, 2315, 143854),
	(367, 31, '2020-07-01', 2290, 198, 39, 2527, 157028),
	(368, 31, '2020-08-01', 2012, 188, 37, 2237, 139038),
	(369, 31, '2020-09-01', 1960, 183, 36, 2180, 135452),
	(370, 31, '2020-10-01', 1998, 187, 37, 2221, 138025),
	(371, 31, '2020-11-01', 2040, 191, 38, 2268, 140943),
	(372, 31, '2020-12-01', 1940, 181, 36, 2157, 134042),
	(373, 32, '2020-01-01', 74, 6, 1, 81, 4988),
	(374, 32, '2020-02-01', 73, 6, 1, 80, 4906),
	(375, 32, '2020-03-01', 78, 6, 1, 85, 5220),
	(376, 32, '2020-04-01', 74, 6, 1, 81, 4972),
	(377, 32, '2020-05-01', 80, 6, 1, 87, 5339),
	(378, 32, '2020-06-01', 73, 6, 1, 80, 4929),
	(379, 32, '2020-07-01', 75, 6, 1, 81, 4997),
	(380, 32, '2020-08-01', 72, 6, 1, 78, 4804),
	(381, 32, '2020-09-01', 70, 5, 1, 76, 4677),
	(382, 32, '2020-10-01', 71, 6, 1, 78, 4769),
	(383, 32, '2020-11-01', 73, 6, 1, 79, 4865),
	(384, 32, '2020-12-01', 69, 5, 1, 76, 4641),
	(385, 33, '2020-01-01', 83, 18, 2, 104, 6391),
	(386, 33, '2020-02-01', 83, 18, 2, 103, 6360),
	(387, 33, '2020-03-01', 88, 19, 2, 109, 6723),
	(388, 33, '2020-04-01', 84, 18, 2, 105, 6461),
	(389, 33, '2020-05-01', 90, 20, 2, 111, 6876),
	(390, 33, '2020-06-01', 83, 18, 2, 104, 6398),
	(391, 33, '2020-07-01', 85, 19, 2, 105, 6505),
	(392, 33, '2020-08-01', 80, 18, 2, 100, 6183),
	(393, 33, '2020-09-01', 78, 17, 2, 98, 6024),
	(394, 33, '2020-10-01', 80, 18, 2, 99, 6138),
	(395, 33, '2020-11-01', 82, 18, 2, 102, 6268),
	(396, 33, '2020-12-01', 78, 17, 2, 97, 5961),
	(397, 34, '2020-01-01', 807, 0, 0, 807, 460),
	(398, 34, '2020-02-01', 803, 0, 0, 803, 458),
	(399, 34, '2020-03-01', 849, 0, 0, 849, 484),
	(400, 34, '2020-04-01', 816, 0, 0, 816, 465),
	(401, 34, '2020-05-01', 868, 0, 0, 868, 495),
	(402, 34, '2020-06-01', 808, 0, 0, 808, 460),
	(403, 34, '2020-07-01', 821, 0, 0, 821, 468),
	(404, 34, '2020-08-01', 781, 0, 0, 781, 445),
	(405, 34, '2020-09-01', 761, 0, 0, 761, 434),
	(406, 34, '2020-10-01', 775, 0, 0, 775, 442),
	(407, 34, '2020-11-01', 792, 0, 0, 792, 451),
	(408, 34, '2020-12-01', 753, 0, 0, 753, 429),
	(409, 35, '2020-01-01', 45, 0, 0, 45, 39),
	(410, 35, '2020-02-01', 45, 0, 0, 45, 38),
	(411, 35, '2020-03-01', 47, 0, 0, 47, 41),
	(412, 35, '2020-04-01', 45, 0, 0, 45, 39),
	(413, 35, '2020-05-01', 48, 0, 0, 48, 42),
	(414, 35, '2020-06-01', 45, 0, 0, 45, 39),
	(415, 35, '2020-07-01', 46, 0, 0, 46, 39),
	(416, 35, '2020-08-01', 44, 0, 0, 44, 37),
	(417, 35, '2020-09-01', 42, 0, 0, 42, 36),
	(418, 35, '2020-10-01', 43, 0, 0, 43, 37),
	(419, 35, '2020-11-01', 44, 0, 0, 44, 38),
	(420, 35, '2020-12-01', 42, 0, 0, 42, 36),
	(421, 36, '2020-01-01', 118, 0, 0, 118, 0),
	(422, 36, '2020-02-01', 88, 0, 0, 88, 0),
	(423, 36, '2020-03-01', 142, 0, 0, 142, 0),
	(424, 36, '2020-04-01', 109, 0, 0, 109, 0),
	(425, 36, '2020-05-01', 100, 0, 0, 100, 0),
	(426, 36, '2020-06-01', 73, 0, 0, 73, 0),
	(427, 36, '2020-07-01', 76, 0, 0, 76, 0),
	(428, 36, '2020-08-01', 46, 0, 0, 46, 0),
	(429, 36, '2020-09-01', 194, 0, 0, 194, 0),
	(430, 36, '2020-10-01', 92, 0, 0, 92, 0),
	(431, 36, '2020-11-01', 169, 0, 0, 169, 0),
	(432, 36, '2020-12-01', 90, 0, 0, 90, 0),
	(433, 37, '2020-01-01', 46, 0, 2, 48, 4533),
	(434, 37, '2020-02-01', 46, 0, 2, 48, 4511),
	(435, 37, '2020-03-01', 48, 0, 2, 50, 4768),
	(436, 37, '2020-04-01', 47, 0, 2, 49, 4583),
	(437, 37, '2020-05-01', 50, 0, 2, 52, 4877),
	(438, 37, '2020-06-01', 46, 0, 2, 48, 4538),
	(439, 37, '2020-07-01', 47, 0, 2, 49, 4614),
	(440, 37, '2020-08-01', 45, 0, 2, 46, 4386),
	(441, 37, '2020-09-01', 43, 0, 2, 45, 4273),
	(442, 37, '2020-10-01', 44, 0, 2, 46, 4354),
	(443, 37, '2020-11-01', 45, 0, 2, 47, 4446),
	(444, 37, '2020-12-01', 43, 0, 2, 45, 4228),
	(445, 38, '2020-01-01', 2, 0, 0, 2, 134),
	(446, 38, '2020-02-01', 2, 0, 0, 2, 132),
	(447, 38, '2020-03-01', 2, 0, 0, 2, 140),
	(448, 38, '2020-04-01', 2, 0, 0, 2, 134),
	(449, 38, '2020-05-01', 2, 0, 0, 2, 144),
	(450, 38, '2020-06-01', 2, 0, 0, 2, 133),
	(451, 38, '2020-07-01', 2, 0, 0, 2, 134),
	(452, 38, '2020-08-01', 2, 0, 0, 2, 129),
	(453, 38, '2020-09-01', 2, 0, 0, 2, 126),
	(454, 38, '2020-10-01', 2, 0, 0, 2, 128),
	(455, 38, '2020-11-01', 2, 0, 0, 2, 131),
	(456, 38, '2020-12-01', 2, 0, 0, 2, 125),
	(457, 39, '2020-01-01', 2, 0, 0, 2, 154),
	(458, 39, '2020-02-01', 2, 0, 0, 2, 153),
	(459, 39, '2020-03-01', 2, 0, 0, 2, 162),
	(460, 39, '2020-04-01', 2, 0, 0, 2, 156),
	(461, 39, '2020-05-01', 2, 0, 0, 2, 166),
	(462, 39, '2020-06-01', 2, 0, 0, 2, 154),
	(463, 39, '2020-07-01', 2, 0, 0, 2, 157),
	(464, 39, '2020-08-01', 2, 0, 0, 2, 149),
	(465, 39, '2020-09-01', 2, 0, 0, 2, 145),
	(466, 39, '2020-10-01', 2, 0, 0, 2, 148),
	(467, 39, '2020-11-01', 2, 0, 0, 2, 151),
	(468, 39, '2020-12-01', 2, 0, 0, 2, 144),
	(469, 40, '2020-01-01', 10, 0, 0, 10, 14),
	(470, 40, '2020-02-01', 9, 0, 0, 9, 14),
	(471, 40, '2020-03-01', 10, 0, 0, 10, 15),
	(472, 40, '2020-04-01', 10, 0, 0, 10, 15),
	(473, 40, '2020-05-01', 10, 0, 0, 10, 16),
	(474, 40, '2020-06-01', 10, 0, 0, 10, 14),
	(475, 40, '2020-07-01', 10, 0, 0, 10, 15),
	(476, 40, '2020-08-01', 9, 0, 0, 9, 14),
	(477, 40, '2020-09-01', 9, 0, 0, 9, 14),
	(478, 40, '2020-10-01', 9, 0, 0, 9, 14),
	(479, 40, '2020-11-01', 9, 0, 0, 9, 14),
	(480, 40, '2020-12-01', 9, 0, 0, 9, 13),
	(481, 41, '2020-01-01', 29, 0, 0, 29, 28),
	(482, 41, '2020-02-01', 29, 0, 0, 29, 28),
	(483, 41, '2020-03-01', 31, 0, 0, 31, 30),
	(484, 41, '2020-04-01', 30, 0, 0, 30, 28),
	(485, 41, '2020-05-01', 31, 0, 0, 31, 30),
	(486, 41, '2020-06-01', 29, 0, 0, 29, 28),
	(487, 41, '2020-07-01', 30, 0, 0, 30, 29),
	(488, 41, '2020-08-01', 28, 0, 0, 28, 27),
	(489, 41, '2020-09-01', 28, 0, 0, 28, 27),
	(490, 41, '2020-10-01', 28, 0, 0, 28, 27),
	(491, 41, '2020-11-01', 29, 0, 0, 29, 28),
	(492, 41, '2020-12-01', 27, 0, 0, 27, 26),
	(493, 42, '2020-01-01', 4, 0, 0, 4, 0),
	(494, 42, '2020-02-01', 3, 0, 0, 3, 0),
	(495, 42, '2020-03-01', 4, 0, 0, 4, 0),
	(496, 42, '2020-04-01', 3, 0, 0, 3, 0),
	(497, 42, '2020-05-01', 3, 0, 0, 3, 0),
	(498, 42, '2020-06-01', 2, 0, 0, 2, 0),
	(499, 42, '2020-07-01', 2, 0, 0, 2, 0),
	(500, 42, '2020-08-01', 1, 0, 0, 1, 0),
	(501, 42, '2020-09-01', 6, 0, 0, 6, 0),
	(502, 42, '2020-10-01', 3, 0, 0, 3, 0),
	(503, 42, '2020-11-01', 5, 0, 0, 5, 0),
	(504, 42, '2020-12-01', 3, 0, 0, 3, 0),
	(505, 43, '2020-01-01', 92, 0, 1, 93, 8730),
	(506, 43, '2020-02-01', 91, 0, 1, 92, 8688),
	(507, 43, '2020-03-01', 96, 0, 1, 97, 9183),
	(508, 43, '2020-04-01', 93, 0, 1, 94, 8826),
	(509, 43, '2020-05-01', 99, 0, 1, 100, 9393),
	(510, 43, '2020-06-01', 92, 0, 1, 93, 8739),
	(511, 43, '2020-07-01', 93, 0, 1, 94, 8886),
	(512, 43, '2020-08-01', 89, 0, 1, 90, 8447),
	(513, 43, '2020-09-01', 86, 0, 1, 87, 8229),
	(514, 43, '2020-10-01', 88, 0, 1, 89, 8385),
	(515, 43, '2020-11-01', 90, 0, 1, 91, 8562),
	(516, 43, '2020-12-01', 85, 0, 1, 86, 8143),
	(517, 44, '2020-01-01', 4, 0, 0, 4, 311),
	(518, 44, '2020-02-01', 4, 0, 0, 4, 306),
	(519, 44, '2020-03-01', 4, 0, 0, 4, 326),
	(520, 44, '2020-04-01', 4, 0, 0, 4, 310),
	(521, 44, '2020-05-01', 4, 0, 0, 4, 333),
	(522, 44, '2020-06-01', 4, 0, 0, 4, 307),
	(523, 44, '2020-07-01', 4, 0, 0, 4, 312),
	(524, 44, '2020-08-01', 3, 0, 0, 3, 300),
	(525, 44, '2020-09-01', 3, 0, 0, 3, 292),
	(526, 44, '2020-10-01', 3, 0, 0, 3, 297),
	(527, 44, '2020-11-01', 4, 0, 0, 4, 303),
	(528, 44, '2020-12-01', 3, 0, 0, 3, 289),
	(529, 45, '2020-01-01', 4, 0, 0, 4, 391),
	(530, 45, '2020-02-01', 4, 0, 0, 4, 389),
	(531, 45, '2020-03-01', 4, 0, 0, 4, 411),
	(532, 45, '2020-04-01', 4, 0, 0, 4, 395),
	(533, 45, '2020-05-01', 4, 0, 0, 4, 421),
	(534, 45, '2020-06-01', 4, 0, 0, 4, 392),
	(535, 45, '2020-07-01', 4, 0, 0, 4, 398),
	(536, 45, '2020-08-01', 4, 0, 0, 4, 378),
	(537, 45, '2020-09-01', 3, 0, 0, 4, 369),
	(538, 45, '2020-10-01', 4, 0, 0, 4, 376),
	(539, 45, '2020-11-01', 4, 0, 0, 4, 384),
	(540, 45, '2020-12-01', 3, 0, 0, 4, 365),
	(541, 46, '2020-01-01', 16, 0, 0, 16, 22),
	(542, 46, '2020-02-01', 16, 0, 0, 16, 22),
	(543, 46, '2020-03-01', 17, 0, 0, 17, 23),
	(544, 46, '2020-04-01', 16, 0, 0, 16, 22),
	(545, 46, '2020-05-01', 17, 0, 0, 17, 23),
	(546, 46, '2020-06-01', 16, 0, 0, 16, 22),
	(547, 46, '2020-07-01', 16, 0, 0, 16, 22),
	(548, 46, '2020-08-01', 16, 0, 0, 16, 21),
	(549, 46, '2020-09-01', 15, 0, 0, 15, 20),
	(550, 46, '2020-10-01', 15, 0, 0, 15, 21),
	(551, 46, '2020-11-01', 16, 0, 0, 16, 21),
	(552, 46, '2020-12-01', 15, 0, 0, 15, 20),
	(553, 47, '2020-01-01', 19, 0, 0, 19, 19),
	(554, 47, '2020-02-01', 19, 0, 0, 19, 19),
	(555, 47, '2020-03-01', 20, 0, 0, 20, 20),
	(556, 47, '2020-04-01', 19, 0, 0, 19, 19),
	(557, 47, '2020-05-01', 21, 0, 0, 21, 20),
	(558, 47, '2020-06-01', 19, 0, 0, 19, 19),
	(559, 47, '2020-07-01', 19, 0, 0, 19, 19),
	(560, 47, '2020-08-01', 18, 0, 0, 18, 18),
	(561, 47, '2020-09-01', 18, 0, 0, 18, 18),
	(562, 47, '2020-10-01', 18, 0, 0, 18, 18),
	(563, 47, '2020-11-01', 19, 0, 0, 19, 18),
	(564, 47, '2020-12-01', 18, 0, 0, 18, 17),
	(565, 48, '2020-01-01', 4, 0, 0, 4, 0),
	(566, 48, '2020-02-01', 3, 0, 0, 3, 0),
	(567, 48, '2020-03-01', 4, 0, 0, 4, 0),
	(568, 48, '2020-04-01', 3, 0, 0, 3, 0),
	(569, 48, '2020-05-01', 3, 0, 0, 3, 0),
	(570, 48, '2020-06-01', 2, 0, 0, 2, 0),
	(571, 48, '2020-07-01', 2, 0, 0, 2, 0),
	(572, 48, '2020-08-01', 1, 0, 0, 1, 0),
	(573, 48, '2020-09-01', 6, 0, 0, 6, 0),
	(574, 48, '2020-10-01', 3, 0, 0, 3, 0),
	(575, 48, '2020-11-01', 5, 0, 0, 5, 0),
	(576, 48, '2020-12-01', 3, 0, 0, 3, 0),
	(577, 49, '2020-01-01', 69, 0, 2, 71, 6622),
	(578, 49, '2020-02-01', 69, 0, 2, 70, 6591),
	(579, 49, '2020-03-01', 73, 0, 2, 74, 6967),
	(580, 49, '2020-04-01', 70, 0, 2, 71, 6696),
	(581, 49, '2020-05-01', 74, 0, 2, 76, 7125),
	(582, 49, '2020-06-01', 69, 0, 2, 71, 6630),
	(583, 49, '2020-07-01', 70, 0, 2, 72, 6741),
	(584, 49, '2020-08-01', 67, 0, 2, 68, 6408),
	(585, 49, '2020-09-01', 65, 0, 2, 67, 6242),
	(586, 49, '2020-10-01', 66, 0, 2, 68, 6361),
	(587, 49, '2020-11-01', 68, 0, 2, 69, 6495),
	(588, 49, '2020-12-01', 64, 0, 2, 66, 6177),
	(589, 50, '2020-01-01', 17, 0, 0, 17, 1485),
	(590, 50, '2020-02-01', 16, 0, 0, 16, 1461),
	(591, 50, '2020-03-01', 17, 0, 0, 17, 1554),
	(592, 50, '2020-04-01', 16, 0, 0, 16, 1481),
	(593, 50, '2020-05-01', 18, 0, 0, 18, 1590),
	(594, 50, '2020-06-01', 16, 0, 0, 16, 1468),
	(595, 50, '2020-07-01', 17, 0, 0, 17, 1488),
	(596, 50, '2020-08-01', 16, 0, 0, 16, 1431),
	(597, 50, '2020-09-01', 15, 0, 0, 15, 1393),
	(598, 50, '2020-10-01', 16, 0, 0, 16, 1420),
	(599, 50, '2020-11-01', 16, 0, 0, 16, 1449),
	(600, 50, '2020-12-01', 15, 0, 0, 15, 1382),
	(601, 51, '2020-01-01', 3, 0, 0, 3, 238),
	(602, 51, '2020-02-01', 3, 0, 0, 3, 237),
	(603, 51, '2020-03-01', 3, 0, 0, 3, 250),
	(604, 51, '2020-04-01', 3, 0, 0, 3, 240),
	(605, 51, '2020-05-01', 3, 0, 0, 3, 256),
	(606, 51, '2020-06-01', 3, 0, 0, 3, 238),
	(607, 51, '2020-07-01', 3, 0, 0, 3, 242),
	(608, 51, '2020-08-01', 3, 0, 0, 3, 230),
	(609, 51, '2020-09-01', 3, 0, 0, 3, 224),
	(610, 51, '2020-10-01', 3, 0, 0, 3, 228),
	(611, 51, '2020-11-01', 3, 0, 0, 3, 233),
	(612, 51, '2020-12-01', 3, 0, 0, 3, 222),
	(613, 52, '2020-01-01', 17, 0, 0, 17, 25),
	(614, 52, '2020-02-01', 17, 0, 0, 17, 25),
	(615, 52, '2020-03-01', 18, 0, 0, 18, 26),
	(616, 52, '2020-04-01', 17, 0, 0, 17, 25),
	(617, 52, '2020-05-01', 19, 0, 0, 19, 27),
	(618, 52, '2020-06-01', 17, 0, 0, 17, 25),
	(619, 52, '2020-07-01', 18, 0, 0, 18, 25),
	(620, 52, '2020-08-01', 17, 0, 0, 17, 24),
	(621, 52, '2020-09-01', 16, 0, 0, 16, 23),
	(622, 52, '2020-10-01', 17, 0, 0, 17, 24),
	(623, 52, '2020-11-01', 17, 0, 0, 17, 24),
	(624, 52, '2020-12-01', 16, 0, 0, 16, 23),
	(625, 53, '2020-01-01', 9, 0, 0, 9, 8),
	(626, 53, '2020-02-01', 9, 0, 0, 9, 8),
	(627, 53, '2020-03-01', 9, 0, 0, 9, 9),
	(628, 53, '2020-04-01', 9, 0, 0, 9, 8),
	(629, 53, '2020-05-01', 10, 0, 0, 10, 9),
	(630, 53, '2020-06-01', 9, 0, 0, 9, 8),
	(631, 53, '2020-07-01', 9, 0, 0, 9, 9),
	(632, 53, '2020-08-01', 9, 0, 0, 9, 8),
	(633, 53, '2020-09-01', 8, 0, 0, 8, 8),
	(634, 53, '2020-10-01', 9, 0, 0, 9, 8),
	(635, 53, '2020-11-01', 9, 0, 0, 9, 8),
	(636, 53, '2020-12-01', 8, 0, 0, 8, 8),
	(637, 54, '2020-01-01', 4, 0, 0, 4, 416),
	(638, 54, '2020-02-01', 4, 0, 0, 4, 414),
	(639, 54, '2020-03-01', 5, 0, 0, 5, 438),
	(640, 54, '2020-04-01', 4, 0, 0, 4, 421),
	(641, 54, '2020-05-01', 5, 0, 0, 5, 448),
	(642, 54, '2020-06-01', 4, 0, 0, 4, 417),
	(643, 54, '2020-07-01', 5, 0, 0, 5, 424),
	(644, 54, '2020-08-01', 4, 0, 0, 4, 403),
	(645, 54, '2020-09-01', 4, 0, 0, 4, 392),
	(646, 54, '2020-10-01', 4, 0, 0, 4, 400),
	(647, 54, '2020-11-01', 4, 0, 0, 4, 408),
	(648, 54, '2020-12-01', 4, 0, 0, 4, 388),
	(649, 55, '2020-01-01', 11, 0, 0, 11, 0),
	(650, 55, '2020-02-01', 8, 0, 0, 8, 0),
	(651, 55, '2020-03-01', 13, 0, 0, 13, 0),
	(652, 55, '2020-04-01', 10, 0, 0, 10, 0),
	(653, 55, '2020-05-01', 9, 0, 0, 9, 0),
	(654, 55, '2020-06-01', 7, 0, 0, 7, 0),
	(655, 55, '2020-07-01', 7, 0, 0, 7, 0),
	(656, 55, '2020-08-01', 4, 0, 0, 4, 0),
	(657, 55, '2020-09-01', 18, 0, 0, 18, 0),
	(658, 55, '2020-10-01', 8, 0, 0, 8, 0),
	(659, 55, '2020-11-01', 16, 0, 0, 16, 0),
	(660, 55, '2020-12-01', 8, 0, 0, 8, 0),
	(661, 56, '2020-01-01', 50, 0, 8, 58, 4339),
	(662, 56, '2020-02-01', 50, 0, 8, 58, 4318),
	(663, 56, '2020-03-01', 52, 0, 9, 61, 4564),
	(664, 56, '2020-04-01', 50, 0, 9, 59, 4387),
	(665, 56, '2020-05-01', 54, 0, 9, 63, 4668),
	(666, 56, '2020-06-01', 50, 0, 8, 58, 4343),
	(667, 56, '2020-07-01', 51, 0, 9, 59, 4417),
	(668, 56, '2020-08-01', 48, 0, 8, 56, 4198),
	(669, 56, '2020-09-01', 47, 0, 8, 55, 4090),
	(670, 56, '2020-10-01', 48, 0, 8, 56, 4167),
	(671, 56, '2020-11-01', 49, 0, 8, 57, 4255),
	(672, 56, '2020-12-01', 47, 0, 8, 54, 4047),
	(673, 57, '2020-01-01', 4, 0, 0, 4, 296),
	(674, 57, '2020-02-01', 4, 0, 0, 4, 291),
	(675, 57, '2020-03-01', 4, 0, 0, 5, 310),
	(676, 57, '2020-04-01', 4, 0, 0, 4, 295),
	(677, 57, '2020-05-01', 5, 0, 0, 5, 317),
	(678, 57, '2020-06-01', 4, 0, 0, 4, 292),
	(679, 57, '2020-07-01', 4, 0, 0, 4, 296),
	(680, 57, '2020-08-01', 4, 0, 0, 4, 285),
	(681, 57, '2020-09-01', 4, 0, 0, 4, 277),
	(682, 57, '2020-10-01', 4, 0, 0, 4, 283),
	(683, 57, '2020-11-01', 4, 0, 0, 4, 288),
	(684, 57, '2020-12-01', 4, 0, 0, 4, 275),
	(685, 58, '2020-01-01', 2, 0, 0, 2, 176),
	(686, 58, '2020-02-01', 2, 0, 0, 2, 176),
	(687, 58, '2020-03-01', 2, 0, 0, 2, 186),
	(688, 58, '2020-04-01', 2, 0, 0, 2, 178),
	(689, 58, '2020-05-01', 2, 0, 0, 2, 190),
	(690, 58, '2020-06-01', 2, 0, 0, 2, 177),
	(691, 58, '2020-07-01', 2, 0, 0, 2, 180),
	(692, 58, '2020-08-01', 2, 0, 0, 2, 171),
	(693, 58, '2020-09-01', 2, 0, 0, 2, 166),
	(694, 58, '2020-10-01', 2, 0, 0, 2, 169),
	(695, 58, '2020-11-01', 2, 0, 0, 2, 173),
	(696, 58, '2020-12-01', 2, 0, 0, 2, 165),
	(697, 59, '2020-01-01', 1, 0, 0, 1, 1),
	(698, 59, '2020-02-01', 1, 0, 0, 1, 1),
	(699, 59, '2020-03-01', 1, 0, 0, 1, 1),
	(700, 59, '2020-04-01', 1, 0, 0, 1, 1),
	(701, 59, '2020-05-01', 1, 0, 0, 1, 1),
	(702, 59, '2020-06-01', 1, 0, 0, 1, 1),
	(703, 59, '2020-07-01', 1, 0, 0, 1, 1),
	(704, 59, '2020-08-01', 1, 0, 0, 1, 1),
	(705, 59, '2020-09-01', 1, 0, 0, 1, 1),
	(706, 59, '2020-10-01', 1, 0, 0, 1, 1),
	(707, 59, '2020-11-01', 1, 0, 0, 1, 1),
	(708, 59, '2020-12-01', 1, 0, 0, 1, 1),
	(709, 60, '2020-01-01', 8, 0, 0, 8, 8),
	(710, 60, '2020-02-01', 8, 0, 0, 8, 8),
	(711, 60, '2020-03-01', 9, 0, 0, 9, 9),
	(712, 60, '2020-04-01', 8, 0, 0, 8, 8),
	(713, 60, '2020-05-01', 9, 0, 0, 9, 9),
	(714, 60, '2020-06-01', 8, 0, 0, 8, 8),
	(715, 60, '2020-07-01', 8, 0, 0, 8, 8),
	(716, 60, '2020-08-01', 8, 0, 0, 8, 8),
	(717, 60, '2020-09-01', 8, 0, 0, 8, 8),
	(718, 60, '2020-10-01', 8, 0, 0, 8, 8),
	(719, 60, '2020-11-01', 8, 0, 0, 8, 8),
	(720, 60, '2020-12-01', 8, 0, 0, 8, 8),
	(721, 61, '2020-01-01', 4, 0, 0, 4, 0),
	(722, 61, '2020-02-01', 3, 0, 0, 3, 0),
	(723, 61, '2020-03-01', 5, 0, 0, 5, 0),
	(724, 61, '2020-04-01', 4, 0, 0, 4, 0),
	(725, 61, '2020-05-01', 3, 0, 0, 3, 0),
	(726, 61, '2020-06-01', 3, 0, 0, 3, 0),
	(727, 61, '2020-07-01', 3, 0, 0, 3, 0),
	(728, 61, '2020-08-01', 2, 0, 0, 2, 0),
	(729, 61, '2020-09-01', 7, 0, 0, 7, 0),
	(730, 61, '2020-10-01', 3, 0, 0, 3, 0),
	(731, 61, '2020-11-01', 6, 0, 0, 6, 0),
	(732, 61, '2020-12-01', 3, 0, 0, 3, 0),
	(733, 62, '2020-01-01', 1034, 95, 22, 1151, 80141),
	(734, 62, '2020-02-01', 1029, 95, 22, 1146, 79756),
	(735, 62, '2020-03-01', 1088, 100, 23, 1211, 84308),
	(736, 62, '2020-04-01', 1046, 96, 22, 1164, 81028),
	(737, 62, '2020-05-01', 1113, 103, 23, 1239, 86228),
	(738, 62, '2020-06-01', 1035, 95, 22, 1152, 80229),
	(739, 62, '2020-07-01', 1053, 97, 22, 1172, 81580),
	(740, 62, '2020-08-01', 1001, 92, 21, 1114, 77543),
	(741, 62, '2020-09-01', 975, 90, 21, 1085, 75543),
	(742, 62, '2020-10-01', 993, 92, 21, 1106, 76978),
	(743, 62, '2020-11-01', 1014, 94, 21, 1129, 78606),
	(744, 62, '2020-12-01', 965, 89, 20, 1074, 74757),
	(745, 63, '2020-01-01', 37, 6, 0, 43, 2281),
	(746, 63, '2020-02-01', 36, 6, 0, 42, 2244),
	(747, 63, '2020-03-01', 38, 6, 0, 45, 2387),
	(748, 63, '2020-04-01', 37, 6, 0, 43, 2274),
	(749, 63, '2020-05-01', 39, 6, 0, 46, 2442),
	(750, 63, '2020-06-01', 36, 6, 0, 43, 2254),
	(751, 63, '2020-07-01', 37, 6, 0, 43, 2286),
	(752, 63, '2020-08-01', 35, 6, 0, 41, 2197),
	(753, 63, '2020-09-01', 34, 6, 0, 40, 2139),
	(754, 63, '2020-10-01', 35, 6, 0, 41, 2181),
	(755, 63, '2020-11-01', 36, 6, 0, 42, 2225),
	(756, 63, '2020-12-01', 34, 6, 0, 40, 2123),
	(757, 64, '2020-01-01', 41, 8, 1, 51, 3604),
	(758, 64, '2020-02-01', 41, 8, 1, 51, 3587),
	(759, 64, '2020-03-01', 44, 9, 1, 53, 3792),
	(760, 64, '2020-04-01', 42, 8, 1, 51, 3644),
	(761, 64, '2020-05-01', 45, 9, 1, 55, 3878),
	(762, 64, '2020-06-01', 41, 8, 1, 51, 3608),
	(763, 64, '2020-07-01', 42, 9, 1, 52, 3669),
	(764, 64, '2020-08-01', 40, 8, 1, 49, 3487),
	(765, 64, '2020-09-01', 39, 8, 1, 48, 3397),
	(766, 64, '2020-10-01', 40, 8, 1, 49, 3462),
	(767, 64, '2020-11-01', 41, 8, 1, 50, 3535),
	(768, 64, '2020-12-01', 39, 8, 1, 47, 3362),
	(769, 65, '2020-01-01', 333, 0, 0, 333, 225),
	(770, 65, '2020-02-01', 332, 0, 0, 332, 224),
	(771, 65, '2020-03-01', 351, 0, 0, 351, 237),
	(772, 65, '2020-04-01', 337, 0, 0, 337, 228),
	(773, 65, '2020-05-01', 359, 0, 0, 359, 243),
	(774, 65, '2020-06-01', 334, 0, 0, 334, 226),
	(775, 65, '2020-07-01', 339, 0, 0, 339, 229),
	(776, 65, '2020-08-01', 323, 0, 0, 323, 218),
	(777, 65, '2020-09-01', 314, 0, 0, 314, 212),
	(778, 65, '2020-10-01', 320, 0, 0, 320, 217),
	(779, 65, '2020-11-01', 327, 0, 0, 327, 221),
	(780, 65, '2020-12-01', 311, 0, 0, 311, 210),
	(781, 66, '2020-01-01', 103, 0, 0, 103, 88),
	(782, 66, '2020-02-01', 102, 0, 0, 102, 88),
	(783, 66, '2020-03-01', 108, 0, 0, 108, 93),
	(784, 66, '2020-04-01', 104, 0, 0, 104, 89),
	(785, 66, '2020-05-01', 111, 0, 0, 111, 95),
	(786, 66, '2020-06-01', 103, 0, 0, 103, 88),
	(787, 66, '2020-07-01', 105, 0, 0, 105, 90),
	(788, 66, '2020-08-01', 100, 0, 0, 100, 85),
	(789, 66, '2020-09-01', 97, 0, 0, 97, 83),
	(790, 66, '2020-10-01', 99, 0, 0, 99, 85),
	(791, 66, '2020-11-01', 101, 0, 0, 101, 86),
	(792, 66, '2020-12-01', 96, 0, 0, 96, 82),
	(793, 67, '2020-01-01', 12, 0, 0, 12, 0),
	(794, 67, '2020-02-01', 9, 0, 0, 9, 0),
	(795, 67, '2020-03-01', 15, 0, 0, 15, 0),
	(796, 67, '2020-04-01', 11, 0, 0, 11, 0),
	(797, 67, '2020-05-01', 11, 0, 0, 11, 0),
	(798, 67, '2020-06-01', 8, 0, 0, 8, 0),
	(799, 67, '2020-07-01', 8, 0, 0, 8, 0),
	(800, 67, '2020-08-01', 5, 0, 0, 5, 0),
	(801, 67, '2020-09-01', 20, 0, 0, 20, 0),
	(802, 67, '2020-10-01', 10, 0, 0, 10, 0),
	(803, 67, '2020-11-01', 18, 0, 0, 18, 0),
	(804, 67, '2020-12-01', 10, 0, 0, 10, 0),
	(805, 68, '2020-01-01', 74, 0, 1, 75, 7082),
	(806, 68, '2020-02-01', 74, 0, 1, 74, 7048),
	(807, 68, '2020-03-01', 78, 0, 1, 79, 7451),
	(808, 68, '2020-04-01', 75, 0, 1, 76, 7161),
	(809, 68, '2020-05-01', 80, 0, 1, 80, 7620),
	(810, 68, '2020-06-01', 74, 0, 1, 75, 7090),
	(811, 68, '2020-07-01', 75, 0, 1, 76, 7210),
	(812, 68, '2020-08-01', 72, 0, 1, 72, 6853),
	(813, 68, '2020-09-01', 70, 0, 1, 70, 6676),
	(814, 68, '2020-10-01', 71, 0, 1, 72, 6803),
	(815, 68, '2020-11-01', 73, 0, 1, 73, 6947),
	(816, 68, '2020-12-01', 69, 0, 1, 70, 6607),
	(817, 69, '2020-01-01', 6, 0, 0, 6, 448),
	(818, 69, '2020-02-01', 6, 0, 0, 6, 441),
	(819, 69, '2020-03-01', 6, 0, 0, 6, 469),
	(820, 69, '2020-04-01', 6, 0, 0, 6, 447),
	(821, 69, '2020-05-01', 6, 0, 0, 6, 480),
	(822, 69, '2020-06-01', 6, 0, 0, 6, 443),
	(823, 69, '2020-07-01', 6, 0, 0, 6, 449),
	(824, 69, '2020-08-01', 6, 0, 0, 6, 432),
	(825, 69, '2020-09-01', 5, 0, 0, 5, 421),
	(826, 69, '2020-10-01', 6, 0, 0, 6, 429),
	(827, 69, '2020-11-01', 6, 0, 0, 6, 437),
	(828, 69, '2020-12-01', 5, 0, 0, 5, 417),
	(829, 70, '2020-01-01', 3, 0, 0, 3, 265),
	(830, 70, '2020-02-01', 3, 0, 0, 3, 264),
	(831, 70, '2020-03-01', 3, 0, 0, 3, 279),
	(832, 70, '2020-04-01', 3, 0, 0, 3, 268),
	(833, 70, '2020-05-01', 3, 0, 0, 3, 285),
	(834, 70, '2020-06-01', 3, 0, 0, 3, 266),
	(835, 70, '2020-07-01', 3, 0, 0, 3, 270),
	(836, 70, '2020-08-01', 3, 0, 0, 3, 257),
	(837, 70, '2020-09-01', 3, 0, 0, 3, 250),
	(838, 70, '2020-10-01', 3, 0, 0, 3, 255),
	(839, 70, '2020-11-01', 3, 0, 0, 3, 260),
	(840, 70, '2020-12-01', 3, 0, 0, 3, 247),
	(841, 71, '2020-01-01', 22, 0, 0, 22, 29),
	(842, 71, '2020-02-01', 22, 0, 0, 22, 29),
	(843, 71, '2020-03-01', 23, 0, 0, 23, 31),
	(844, 71, '2020-04-01', 22, 0, 0, 22, 30),
	(845, 71, '2020-05-01', 24, 0, 0, 24, 32),
	(846, 71, '2020-06-01', 22, 0, 0, 22, 29),
	(847, 71, '2020-07-01', 22, 0, 0, 22, 30),
	(848, 71, '2020-08-01', 21, 0, 0, 21, 29),
	(849, 71, '2020-09-01', 21, 0, 0, 21, 28),
	(850, 71, '2020-10-01', 21, 0, 0, 21, 28),
	(851, 71, '2020-11-01', 22, 0, 0, 22, 29),
	(852, 71, '2020-12-01', 21, 0, 0, 21, 27),
	(853, 72, '2020-01-01', 45, 0, 0, 45, 42),
	(854, 72, '2020-02-01', 45, 0, 0, 45, 42),
	(855, 72, '2020-03-01', 48, 0, 0, 48, 44),
	(856, 72, '2020-04-01', 46, 0, 0, 46, 43),
	(857, 72, '2020-05-01', 49, 0, 0, 49, 45),
	(858, 72, '2020-06-01', 46, 0, 0, 46, 42),
	(859, 72, '2020-07-01', 46, 0, 0, 46, 43),
	(860, 72, '2020-08-01', 44, 0, 0, 44, 41),
	(861, 72, '2020-09-01', 43, 0, 0, 43, 40),
	(862, 72, '2020-10-01', 44, 0, 0, 44, 41),
	(863, 72, '2020-11-01', 45, 0, 0, 45, 41),
	(864, 72, '2020-12-01', 42, 0, 0, 42, 39),
	(865, 73, '2020-01-01', 7, 0, 0, 7, 0),
	(866, 73, '2020-02-01', 5, 0, 0, 5, 0),
	(867, 73, '2020-03-01', 8, 0, 0, 8, 0),
	(868, 73, '2020-04-01', 6, 0, 0, 6, 0),
	(869, 73, '2020-05-01', 6, 0, 0, 6, 0),
	(870, 73, '2020-06-01', 4, 0, 0, 4, 0),
	(871, 73, '2020-07-01', 4, 0, 0, 4, 0),
	(872, 73, '2020-08-01', 3, 0, 0, 3, 0),
	(873, 73, '2020-09-01', 11, 0, 0, 11, 0),
	(874, 73, '2020-10-01', 5, 0, 0, 5, 0),
	(875, 73, '2020-11-01', 10, 0, 0, 10, 0),
	(876, 73, '2020-12-01', 5, 0, 0, 5, 0),
	(877, 74, '2020-01-01', 1134, 110, 20, 1264, 87965),
	(878, 74, '2020-02-01', 1129, 110, 20, 1258, 87593),
	(879, 74, '2020-03-01', 1193, 116, 21, 1330, 92592),
	(880, 74, '2020-04-01', 1147, 111, 20, 1278, 88990),
	(881, 74, '2020-05-01', 1220, 118, 22, 1361, 94701),
	(882, 74, '2020-06-01', 1135, 110, 20, 1266, 88112),
	(883, 74, '2020-07-01', 1171, 112, 21, 1304, 90746),
	(884, 74, '2020-08-01', 1097, 107, 20, 1224, 85162),
	(885, 74, '2020-09-01', 1069, 104, 19, 1192, 82966),
	(886, 74, '2020-10-01', 1089, 106, 19, 1215, 84542),
	(887, 74, '2020-11-01', 1112, 108, 20, 1240, 86329),
	(888, 74, '2020-12-01', 1058, 103, 19, 1180, 82102),
	(889, 75, '2020-01-01', 47, 7, 1, 55, 3755),
	(890, 75, '2020-02-01', 46, 7, 1, 54, 3694),
	(891, 75, '2020-03-01', 49, 7, 1, 57, 3930),
	(892, 75, '2020-04-01', 47, 7, 1, 55, 3744),
	(893, 75, '2020-05-01', 51, 7, 1, 59, 4019),
	(894, 75, '2020-06-01', 47, 7, 1, 54, 3711),
	(895, 75, '2020-07-01', 47, 7, 1, 55, 3762),
	(896, 75, '2020-08-01', 46, 6, 1, 53, 3617),
	(897, 75, '2020-09-01', 44, 6, 1, 51, 3521),
	(898, 75, '2020-10-01', 45, 6, 1, 52, 3590),
	(899, 75, '2020-11-01', 46, 6, 1, 53, 3662),
	(900, 75, '2020-12-01', 44, 6, 1, 51, 3494),
	(901, 76, '2020-01-01', 45, 9, 1, 56, 3498),
	(902, 76, '2020-02-01', 45, 9, 1, 56, 3481),
	(903, 76, '2020-03-01', 48, 10, 1, 59, 3679),
	(904, 76, '2020-04-01', 46, 9, 1, 56, 3536),
	(905, 76, '2020-05-01', 49, 10, 1, 60, 3763),
	(906, 76, '2020-06-01', 45, 9, 1, 56, 3501),
	(907, 76, '2020-07-01', 46, 10, 1, 57, 3560),
	(908, 76, '2020-08-01', 44, 9, 1, 54, 3384),
	(909, 76, '2020-09-01', 43, 9, 1, 53, 3297),
	(910, 76, '2020-10-01', 44, 9, 1, 54, 3360),
	(911, 76, '2020-11-01', 44, 9, 1, 55, 3431),
	(912, 76, '2020-12-01', 42, 9, 1, 52, 3263),
	(913, 77, '2020-01-01', 556, 0, 0, 556, 348),
	(914, 77, '2020-02-01', 553, 0, 0, 553, 347),
	(915, 77, '2020-03-01', 585, 0, 0, 585, 366),
	(916, 77, '2020-04-01', 562, 0, 0, 562, 352),
	(917, 77, '2020-05-01', 598, 0, 0, 598, 375),
	(918, 77, '2020-06-01', 556, 0, 0, 556, 349),
	(919, 77, '2020-07-01', 566, 0, 0, 566, 355),
	(920, 77, '2020-08-01', 538, 0, 0, 538, 337),
	(921, 77, '2020-09-01', 524, 0, 0, 524, 328),
	(922, 77, '2020-10-01', 534, 0, 0, 534, 335),
	(923, 77, '2020-11-01', 545, 0, 0, 545, 342),
	(924, 77, '2020-12-01', 518, 0, 0, 518, 325),
	(925, 78, '2020-01-01', 139, 0, 0, 139, 104),
	(926, 78, '2020-02-01', 138, 0, 0, 138, 103),
	(927, 78, '2020-03-01', 146, 0, 0, 146, 109),
	(928, 78, '2020-04-01', 141, 0, 0, 141, 105),
	(929, 78, '2020-05-01', 150, 0, 0, 150, 112),
	(930, 78, '2020-06-01', 139, 0, 0, 139, 104),
	(931, 78, '2020-07-01', 142, 0, 0, 142, 106),
	(932, 78, '2020-08-01', 135, 0, 0, 135, 101),
	(933, 78, '2020-09-01', 131, 0, 0, 131, 98),
	(934, 78, '2020-10-01', 134, 0, 0, 134, 100),
	(935, 78, '2020-11-01', 136, 0, 0, 136, 102),
	(936, 78, '2020-12-01', 130, 0, 0, 130, 97),
	(937, 79, '2020-01-01', 101, 0, 0, 101, 0),
	(938, 79, '2020-02-01', 76, 0, 0, 76, 0),
	(939, 79, '2020-03-01', 122, 0, 0, 122, 0),
	(940, 79, '2020-04-01', 93, 0, 0, 93, 0),
	(941, 79, '2020-05-01', 86, 0, 0, 86, 0),
	(942, 79, '2020-06-01', 63, 0, 0, 63, 0),
	(943, 79, '2020-07-01', 65, 0, 0, 65, 0),
	(944, 79, '2020-08-01', 40, 0, 0, 40, 0),
	(945, 79, '2020-09-01', 166, 0, 0, 166, 0),
	(946, 79, '2020-10-01', 79, 0, 0, 79, 0),
	(947, 79, '2020-11-01', 145, 0, 0, 145, 0),
	(948, 79, '2020-12-01', 77, 0, 0, 77, 0),
	(949, 80, '2020-01-01', 735, 73, 18, 825, 55545),
	(950, 80, '2020-02-01', 731, 73, 18, 822, 55311),
	(951, 80, '2020-03-01', 773, 77, 19, 868, 58468),
	(952, 80, '2020-04-01', 743, 74, 18, 835, 56193),
	(953, 80, '2020-05-01', 791, 78, 19, 888, 59800),
	(954, 80, '2020-06-01', 736, 73, 18, 826, 55639),
	(955, 80, '2020-07-01', 754, 74, 18, 846, 56975),
	(956, 80, '2020-08-01', 711, 71, 17, 799, 53776),
	(957, 80, '2020-09-01', 693, 69, 17, 778, 52390),
	(958, 80, '2020-10-01', 706, 70, 17, 793, 53385),
	(959, 80, '2020-11-01', 721, 71, 17, 810, 54513),
	(960, 80, '2020-12-01', 686, 68, 17, 770, 51844),
	(961, 81, '2020-01-01', 1, 0, 0, 1, 48),
	(962, 81, '2020-02-01', 1, 0, 0, 1, 48),
	(963, 81, '2020-03-01', 1, 0, 0, 1, 51),
	(964, 81, '2020-04-01', 1, 0, 0, 1, 49),
	(965, 81, '2020-05-01', 1, 0, 0, 1, 52),
	(966, 81, '2020-06-01', 1, 0, 0, 1, 48),
	(967, 81, '2020-07-01', 1, 0, 0, 1, 49),
	(968, 81, '2020-08-01', 1, 0, 0, 1, 47),
	(969, 81, '2020-09-01', 1, 0, 0, 1, 46),
	(970, 81, '2020-10-01', 1, 0, 0, 1, 47),
	(971, 81, '2020-11-01', 1, 0, 0, 1, 48),
	(972, 81, '2020-12-01', 1, 0, 0, 1, 45),
	(973, 82, '2020-01-01', 29, 6, 1, 36, 2231),
	(974, 82, '2020-02-01', 29, 6, 1, 36, 2220),
	(975, 82, '2020-03-01', 31, 6, 1, 38, 2347),
	(976, 82, '2020-04-01', 30, 6, 1, 37, 2256),
	(977, 82, '2020-05-01', 32, 6, 1, 39, 2400),
	(978, 82, '2020-06-01', 29, 6, 1, 36, 2233),
	(979, 82, '2020-07-01', 30, 6, 1, 37, 2271),
	(980, 82, '2020-08-01', 28, 6, 1, 35, 2159),
	(981, 82, '2020-09-01', 28, 6, 1, 34, 2103),
	(982, 82, '2020-10-01', 28, 6, 1, 35, 2143),
	(983, 82, '2020-11-01', 29, 6, 1, 35, 2188),
	(984, 82, '2020-12-01', 27, 6, 1, 34, 2081),
	(985, 83, '2020-01-01', 184, 0, 0, 184, 167),
	(986, 83, '2020-02-01', 183, 0, 0, 183, 166),
	(987, 83, '2020-03-01', 193, 0, 0, 193, 175),
	(988, 83, '2020-04-01', 186, 0, 0, 186, 169),
	(989, 83, '2020-05-01', 198, 0, 0, 198, 179),
	(990, 83, '2020-06-01', 184, 0, 0, 184, 167),
	(991, 83, '2020-07-01', 187, 0, 0, 187, 170),
	(992, 83, '2020-08-01', 178, 0, 0, 178, 161),
	(993, 83, '2020-09-01', 173, 0, 0, 173, 157),
	(994, 83, '2020-10-01', 177, 0, 0, 177, 160),
	(995, 83, '2020-11-01', 180, 0, 0, 180, 164),
	(996, 83, '2020-12-01', 171, 0, 0, 171, 156),
	(997, 84, '2020-01-01', 92, 0, 0, 92, 73),
	(998, 84, '2020-02-01', 92, 0, 0, 92, 73),
	(999, 84, '2020-03-01', 97, 0, 0, 97, 77),
	(1000, 84, '2020-04-01', 93, 0, 0, 93, 74),
	(1001, 84, '2020-05-01', 99, 0, 0, 99, 79),
	(1002, 84, '2020-06-01', 92, 0, 0, 92, 73),
	(1003, 84, '2020-07-01', 94, 0, 0, 94, 75),
	(1004, 84, '2020-08-01', 89, 0, 0, 89, 71),
	(1005, 84, '2020-09-01', 87, 0, 0, 87, 69),
	(1006, 84, '2020-10-01', 89, 0, 0, 89, 71),
	(1007, 84, '2020-11-01', 90, 0, 0, 90, 72),
	(1008, 84, '2020-12-01', 86, 0, 0, 86, 68),
	(1009, 85, '2020-01-01', 7, 0, 0, 7, 0),
	(1010, 85, '2020-02-01', 5, 0, 0, 5, 0),
	(1011, 85, '2020-03-01', 8, 0, 0, 8, 0),
	(1012, 85, '2020-04-01', 6, 0, 0, 6, 0),
	(1013, 85, '2020-05-01', 6, 0, 0, 6, 0),
	(1014, 85, '2020-06-01', 4, 0, 0, 4, 0),
	(1015, 85, '2020-07-01', 4, 0, 0, 4, 0),
	(1016, 85, '2020-08-01', 3, 0, 0, 3, 0),
	(1017, 85, '2020-09-01', 11, 0, 0, 11, 0),
	(1018, 85, '2020-10-01', 5, 0, 0, 5, 0),
	(1019, 85, '2020-11-01', 10, 0, 0, 10, 0),
	(1020, 85, '2020-12-01', 5, 0, 0, 5, 0),
	(1021, 86, '2020-01-01', 2394, 50, 35, 2479, 136915),
	(1022, 86, '2020-02-01', 2382, 50, 35, 2467, 136255),
	(1023, 86, '2020-03-01', 2519, 53, 37, 2609, 144069),
	(1024, 86, '2020-04-01', 2420, 51, 35, 2507, 138438),
	(1025, 86, '2020-05-01', 2576, 54, 38, 2668, 147365),
	(1026, 86, '2020-06-01', 2396, 50, 35, 2482, 137066),
	(1027, 86, '2020-07-01', 2437, 51, 36, 2524, 139386),
	(1028, 86, '2020-08-01', 2316, 49, 34, 2398, 132455),
	(1029, 86, '2020-09-01', 2256, 47, 33, 2336, 129022),
	(1030, 86, '2020-10-01', 2299, 48, 34, 2381, 131486),
	(1031, 86, '2020-11-01', 2347, 49, 34, 2431, 134280),
	(1032, 86, '2020-12-01', 2232, 47, 33, 2312, 127672),
	(1033, 87, '2020-01-01', 21, 0, 1, 21, 1208),
	(1034, 87, '2020-02-01', 20, 0, 1, 21, 1957),
	(1035, 87, '2020-03-01', 22, 0, 1, 22, 1586),
	(1036, 87, '2020-04-01', 21, 0, 1, 21, 2159),
	(1037, 87, '2020-05-01', 22, 0, 1, 23, 1635),
	(1038, 87, '2020-06-01', 20, 0, 1, 21, 2062),
	(1039, 87, '2020-07-01', 21, 0, 1, 21, 2299),
	(1040, 87, '2020-08-01', 20, 0, 1, 21, 1419),
	(1041, 87, '2020-09-01', 19, 0, 1, 20, 1428),
	(1042, 87, '2020-10-01', 20, 0, 1, 20, 1419),
	(1043, 87, '2020-11-01', 20, 0, 1, 21, 1518),
	(1044, 87, '2020-12-01', 19, 0, 1, 20, 1244),
	(1045, 88, '2020-01-01', 1215, 39, 40, 1294, 87012),
	(1046, 88, '2020-02-01', 1209, 39, 40, 1288, 86545),
	(1047, 88, '2020-03-01', 1278, 41, 42, 1361, 91502),
	(1048, 88, '2020-04-01', 1728, 39, 41, 1809, 120954),
	(1049, 88, '2020-05-01', 1807, 42, 43, 1893, 126561),
	(1050, 88, '2020-06-01', 1716, 39, 40, 1796, 120103),
	(1051, 88, '2020-07-01', 1737, 40, 41, 1818, 121517),
	(1052, 88, '2020-08-01', 1676, 38, 39, 1753, 117156),
	(1053, 88, '2020-09-01', 1646, 37, 38, 1721, 114959),
	(1054, 88, '2020-10-01', 1667, 37, 39, 1743, 116515),
	(1055, 88, '2020-11-01', 1692, 38, 40, 1770, 118311),
	(1056, 88, '2020-12-01', 1634, 36, 38, 1708, 114118),
	(1057, 89, '2020-01-01', 134, 0, 0, 134, 87),
	(1058, 89, '2020-02-01', 134, 0, 0, 134, 87),
	(1059, 89, '2020-03-01', 141, 0, 0, 141, 92),
	(1060, 89, '2020-04-01', 136, 0, 0, 136, 88),
	(1061, 89, '2020-05-01', 145, 0, 0, 145, 94),
	(1062, 89, '2020-06-01', 135, 0, 0, 135, 88),
	(1063, 89, '2020-07-01', 137, 0, 0, 137, 89),
	(1064, 89, '2020-08-01', 130, 0, 0, 130, 85),
	(1065, 89, '2020-09-01', 127, 0, 0, 127, 82),
	(1066, 89, '2020-10-01', 129, 0, 0, 129, 84),
	(1067, 89, '2020-11-01', 132, 0, 0, 132, 86),
	(1068, 89, '2020-12-01', 125, 0, 0, 125, 82),
	(1069, 90, '2020-01-01', 114, 0, 0, 114, 74),
	(1070, 90, '2020-02-01', 113, 0, 0, 113, 74),
	(1071, 90, '2020-03-01', 119, 0, 0, 119, 78),
	(1072, 90, '2020-04-01', 115, 0, 0, 115, 75),
	(1073, 90, '2020-05-01', 122, 0, 0, 122, 80),
	(1074, 90, '2020-06-01', 114, 0, 0, 114, 74),
	(1075, 90, '2020-07-01', 116, 0, 0, 116, 75),
	(1076, 90, '2020-08-01', 110, 0, 0, 110, 72),
	(1077, 90, '2020-09-01', 107, 0, 0, 107, 70),
	(1078, 90, '2020-10-01', 109, 0, 0, 109, 71),
	(1079, 90, '2020-11-01', 111, 0, 0, 111, 73),
	(1080, 90, '2020-12-01', 106, 0, 0, 106, 69),
	(1081, 91, '2020-01-01', 412, 0, 0, 412, 0),
	(1082, 91, '2020-02-01', 308, 0, 0, 308, 0),
	(1083, 91, '2020-03-01', 494, 0, 0, 494, 0),
	(1084, 91, '2020-04-01', 379, 0, 0, 379, 0),
	(1085, 91, '2020-05-01', 349, 0, 0, 349, 0),
	(1086, 91, '2020-06-01', 255, 0, 0, 255, 0),
	(1087, 91, '2020-07-01', 264, 0, 0, 264, 0),
	(1088, 91, '2020-08-01', 161, 0, 0, 161, 0),
	(1089, 91, '2020-09-01', 674, 0, 0, 674, 0),
	(1090, 91, '2020-10-01', 319, 0, 0, 319, 0),
	(1091, 91, '2020-11-01', 590, 0, 0, 590, 0),
	(1092, 91, '2020-12-01', 314, 0, 0, 314, 0),
	(1093, 92, '2020-01-01', 109, 0, 5, 114, 9891),
	(1094, 92, '2020-02-01', 109, 0, 5, 113, 9844),
	(1095, 92, '2020-03-01', 115, 0, 5, 120, 10405),
	(1096, 92, '2020-04-01', 110, 0, 5, 115, 10001),
	(1097, 92, '2020-05-01', 117, 0, 5, 123, 10642),
	(1098, 92, '2020-06-01', 109, 0, 5, 114, 9902),
	(1099, 92, '2020-07-01', 111, 0, 5, 116, 10069),
	(1100, 92, '2020-08-01', 106, 0, 5, 110, 9570),
	(1101, 92, '2020-09-01', 103, 0, 5, 107, 9324),
	(1102, 92, '2020-10-01', 105, 0, 5, 109, 9501),
	(1103, 92, '2020-11-01', 107, 0, 5, 112, 9702),
	(1104, 92, '2020-12-01', 102, 0, 4, 106, 9227),
	(1105, 93, '2020-01-01', 9, 0, 0, 9, 854),
	(1106, 93, '2020-02-01', 9, 0, 0, 9, 840),
	(1107, 93, '2020-03-01', 9, 0, 0, 9, 894),
	(1108, 93, '2020-04-01', 9, 0, 0, 9, 852),
	(1109, 93, '2020-05-01', 10, 0, 0, 10, 914),
	(1110, 93, '2020-06-01', 9, 0, 0, 9, 844),
	(1111, 93, '2020-07-01', 9, 0, 0, 9, 856),
	(1112, 93, '2020-08-01', 9, 0, 0, 9, 823),
	(1113, 93, '2020-09-01', 8, 0, 0, 8, 801),
	(1114, 93, '2020-10-01', 9, 0, 0, 9, 817),
	(1115, 93, '2020-11-01', 9, 0, 0, 9, 833),
	(1116, 93, '2020-12-01', 8, 0, 0, 8, 795),
	(1117, 94, '2020-01-01', 4, 0, 0, 4, 386),
	(1118, 94, '2020-02-01', 4, 0, 0, 4, 384),
	(1119, 94, '2020-03-01', 5, 0, 0, 5, 406),
	(1120, 94, '2020-04-01', 4, 0, 0, 5, 390),
	(1121, 94, '2020-05-01', 5, 0, 0, 5, 415),
	(1122, 94, '2020-06-01', 4, 0, 0, 4, 386),
	(1123, 94, '2020-07-01', 4, 0, 0, 5, 393),
	(1124, 94, '2020-08-01', 4, 0, 0, 4, 373),
	(1125, 94, '2020-09-01', 4, 0, 0, 4, 364),
	(1126, 94, '2020-10-01', 4, 0, 0, 4, 370),
	(1127, 94, '2020-11-01', 4, 0, 0, 4, 378),
	(1128, 94, '2020-12-01', 4, 0, 0, 4, 360),
	(1129, 95, '2020-01-01', 5, 0, 0, 5, 5),
	(1130, 95, '2020-02-01', 5, 0, 0, 5, 5),
	(1131, 95, '2020-03-01', 5, 0, 0, 5, 5),
	(1132, 95, '2020-04-01', 5, 0, 0, 5, 5),
	(1133, 95, '2020-05-01', 5, 0, 0, 5, 5),
	(1134, 95, '2020-06-01', 5, 0, 0, 5, 5),
	(1135, 95, '2020-07-01', 5, 0, 0, 5, 5),
	(1136, 95, '2020-08-01', 4, 0, 0, 4, 5),
	(1137, 95, '2020-09-01', 4, 0, 0, 4, 5),
	(1138, 95, '2020-10-01', 4, 0, 0, 4, 5),
	(1139, 95, '2020-11-01', 5, 0, 0, 5, 5),
	(1140, 95, '2020-12-01', 4, 0, 0, 4, 5),
	(1141, 96, '2020-01-01', 89, 0, 0, 89, 91),
	(1142, 96, '2020-02-01', 89, 0, 0, 89, 91),
	(1143, 96, '2020-03-01', 94, 0, 0, 94, 96),
	(1144, 96, '2020-04-01', 90, 0, 0, 90, 92),
	(1145, 96, '2020-05-01', 96, 0, 0, 96, 98),
	(1146, 96, '2020-06-01', 89, 0, 0, 89, 91),
	(1147, 96, '2020-07-01', 91, 0, 0, 91, 93),
	(1148, 96, '2020-08-01', 86, 0, 0, 86, 88),
	(1149, 96, '2020-09-01', 84, 0, 0, 84, 86),
	(1150, 96, '2020-10-01', 86, 0, 0, 86, 87),
	(1151, 96, '2020-11-01', 87, 0, 0, 87, 89),
	(1152, 96, '2020-12-01', 83, 0, 0, 83, 85),
	(1153, 97, '2020-01-01', 8, 0, 0, 8, 0),
	(1154, 97, '2020-02-01', 6, 0, 0, 6, 0),
	(1155, 97, '2020-03-01', 10, 0, 0, 10, 0),
	(1156, 97, '2020-04-01', 8, 0, 0, 8, 0),
	(1157, 97, '2020-05-01', 7, 0, 0, 7, 0),
	(1158, 97, '2020-06-01', 5, 0, 0, 5, 0),
	(1159, 97, '2020-07-01', 5, 0, 0, 5, 0),
	(1160, 97, '2020-08-01', 3, 0, 0, 3, 0),
	(1161, 97, '2020-09-01', 13, 0, 0, 13, 0),
	(1162, 97, '2020-10-01', 6, 0, 0, 6, 0),
	(1163, 97, '2020-11-01', 12, 0, 0, 12, 0),
	(1164, 97, '2020-12-01', 6, 0, 0, 6, 0),
	(1165, 98, '2020-01-01', 60, 0, 1, 61, 4958),
	(1166, 98, '2020-02-01', 60, 0, 1, 61, 4935),
	(1167, 98, '2020-03-01', 63, 0, 1, 64, 5216),
	(1168, 98, '2020-04-01', 61, 0, 1, 62, 5013),
	(1169, 98, '2020-05-01', 65, 0, 1, 66, 5335),
	(1170, 98, '2020-06-01', 60, 0, 1, 61, 4964),
	(1171, 98, '2020-07-01', 61, 0, 1, 62, 5047),
	(1172, 98, '2020-08-01', 58, 0, 1, 59, 4798),
	(1173, 98, '2020-09-01', 57, 0, 1, 58, 4674),
	(1174, 98, '2020-10-01', 58, 0, 1, 59, 4763),
	(1175, 98, '2020-11-01', 59, 0, 1, 60, 4863),
	(1176, 98, '2020-12-01', 56, 0, 1, 57, 4625),
	(1177, 99, '2020-01-01', 6, 0, 0, 7, 462),
	(1178, 99, '2020-02-01', 6, 0, 0, 6, 454),
	(1179, 99, '2020-03-01', 7, 0, 0, 7, 483),
	(1180, 99, '2020-04-01', 6, 0, 0, 6, 460),
	(1181, 99, '2020-05-01', 7, 0, 0, 7, 494),
	(1182, 99, '2020-06-01', 6, 0, 0, 6, 456),
	(1183, 99, '2020-07-01', 6, 0, 0, 7, 463),
	(1184, 99, '2020-08-01', 6, 0, 0, 6, 445),
	(1185, 99, '2020-09-01', 6, 0, 0, 6, 433),
	(1186, 99, '2020-10-01', 6, 0, 0, 6, 441),
	(1187, 99, '2020-11-01', 6, 0, 0, 6, 450),
	(1188, 99, '2020-12-01', 6, 0, 0, 6, 430),
	(1189, 100, '2020-01-01', 2, 0, 0, 2, 210),
	(1190, 100, '2020-02-01', 2, 0, 0, 2, 209),
	(1191, 100, '2020-03-01', 3, 0, 0, 3, 221),
	(1192, 100, '2020-04-01', 2, 0, 0, 2, 212),
	(1193, 100, '2020-05-01', 3, 0, 0, 3, 226),
	(1194, 100, '2020-06-01', 2, 0, 0, 2, 210),
	(1195, 100, '2020-07-01', 2, 0, 0, 3, 214),
	(1196, 100, '2020-08-01', 2, 0, 0, 2, 203),
	(1197, 100, '2020-09-01', 2, 0, 0, 2, 198),
	(1198, 100, '2020-10-01', 2, 0, 0, 2, 202),
	(1199, 100, '2020-11-01', 2, 0, 0, 2, 206),
	(1200, 100, '2020-12-01', 2, 0, 0, 2, 196),
	(1201, 101, '2020-01-01', 7, 0, 0, 7, 8),
	(1202, 101, '2020-02-01', 7, 0, 0, 7, 7),
	(1203, 101, '2020-03-01', 8, 0, 0, 8, 8),
	(1204, 101, '2020-04-01', 7, 0, 0, 7, 8),
	(1205, 101, '2020-05-01', 8, 0, 0, 8, 8),
	(1206, 101, '2020-06-01', 7, 0, 0, 7, 8),
	(1207, 101, '2020-07-01', 8, 0, 0, 8, 8),
	(1208, 101, '2020-08-01', 7, 0, 0, 7, 7),
	(1209, 101, '2020-09-01', 7, 0, 0, 7, 7),
	(1210, 101, '2020-10-01', 7, 0, 0, 7, 7),
	(1211, 101, '2020-11-01', 7, 0, 0, 7, 7),
	(1212, 101, '2020-12-01', 7, 0, 0, 7, 7),
	(1213, 102, '2020-01-01', 5, 0, 0, 5, 5),
	(1214, 102, '2020-02-01', 5, 0, 0, 5, 5),
	(1215, 102, '2020-03-01', 5, 0, 0, 5, 5),
	(1216, 102, '2020-04-01', 5, 0, 0, 5, 5),
	(1217, 102, '2020-05-01', 5, 0, 0, 5, 5),
	(1218, 102, '2020-06-01', 5, 0, 0, 5, 5),
	(1219, 102, '2020-07-01', 5, 0, 0, 5, 5),
	(1220, 102, '2020-08-01', 5, 0, 0, 5, 4),
	(1221, 102, '2020-09-01', 5, 0, 0, 5, 4),
	(1222, 102, '2020-10-01', 5, 0, 0, 5, 4),
	(1223, 102, '2020-11-01', 5, 0, 0, 5, 4),
	(1224, 102, '2020-12-01', 5, 0, 0, 5, 4),
	(1225, 103, '2020-01-01', 4, 0, 0, 4, 0),
	(1226, 103, '2020-02-01', 3, 0, 0, 3, 0),
	(1227, 103, '2020-03-01', 5, 0, 0, 5, 0),
	(1228, 103, '2020-04-01', 4, 0, 0, 4, 0),
	(1229, 103, '2020-05-01', 3, 0, 0, 3, 0),
	(1230, 103, '2020-06-01', 2, 0, 0, 2, 0),
	(1231, 103, '2020-07-01', 3, 0, 0, 3, 0),
	(1232, 103, '2020-08-01', 2, 0, 0, 2, 0),
	(1233, 103, '2020-09-01', 7, 0, 0, 7, 0),
	(1234, 103, '2020-10-01', 3, 0, 0, 3, 0),
	(1235, 103, '2020-11-01', 6, 0, 0, 6, 0),
	(1236, 103, '2020-12-01', 3, 0, 0, 3, 0),
	(1237, 104, '2020-01-01', 44, 0, 2, 46, 4280),
	(1238, 104, '2020-02-01', 44, 0, 2, 45, 4260),
	(1239, 104, '2020-03-01', 46, 0, 2, 48, 4503),
	(1240, 104, '2020-04-01', 44, 0, 2, 46, 4328),
	(1241, 104, '2020-05-01', 47, 0, 2, 49, 4605),
	(1242, 104, '2020-06-01', 44, 0, 2, 46, 4285),
	(1243, 104, '2020-07-01', 45, 0, 2, 46, 4357),
	(1244, 104, '2020-08-01', 42, 0, 2, 44, 4141),
	(1245, 104, '2020-09-01', 41, 0, 2, 43, 4035),
	(1246, 104, '2020-10-01', 42, 0, 2, 44, 4111),
	(1247, 104, '2020-11-01', 43, 0, 2, 45, 4198),
	(1248, 104, '2020-12-01', 41, 0, 2, 43, 3993),
	(1249, 105, '2020-01-01', 3, 0, 0, 3, 269),
	(1250, 105, '2020-02-01', 3, 0, 0, 3, 264),
	(1251, 105, '2020-03-01', 4, 0, 0, 4, 281),
	(1252, 105, '2020-04-01', 3, 0, 0, 3, 268),
	(1253, 105, '2020-05-01', 4, 0, 0, 4, 288),
	(1254, 105, '2020-06-01', 3, 0, 0, 3, 266),
	(1255, 105, '2020-07-01', 3, 0, 0, 3, 269),
	(1256, 105, '2020-08-01', 3, 0, 0, 3, 259),
	(1257, 105, '2020-09-01', 3, 0, 0, 3, 252),
	(1258, 105, '2020-10-01', 3, 0, 0, 3, 257),
	(1259, 105, '2020-11-01', 3, 0, 0, 3, 262),
	(1260, 105, '2020-12-01', 3, 0, 0, 3, 250),
	(1261, 106, '2020-01-01', 2, 0, 0, 2, 181),
	(1262, 106, '2020-02-01', 2, 0, 0, 2, 180),
	(1263, 106, '2020-03-01', 2, 0, 0, 2, 190),
	(1264, 106, '2020-04-01', 2, 0, 0, 2, 183),
	(1265, 106, '2020-05-01', 2, 0, 0, 2, 195),
	(1266, 106, '2020-06-01', 2, 0, 0, 2, 181),
	(1267, 106, '2020-07-01', 2, 0, 0, 2, 184),
	(1268, 106, '2020-08-01', 2, 0, 0, 2, 175),
	(1269, 106, '2020-09-01', 2, 0, 0, 2, 170),
	(1270, 106, '2020-10-01', 2, 0, 0, 2, 174),
	(1271, 106, '2020-11-01', 2, 0, 0, 2, 177),
	(1272, 106, '2020-12-01', 2, 0, 0, 2, 169),
	(1273, 107, '2020-01-01', 17, 0, 0, 17, 35),
	(1274, 107, '2020-02-01', 17, 0, 0, 17, 35),
	(1275, 107, '2020-03-01', 18, 0, 0, 18, 37),
	(1276, 107, '2020-04-01', 17, 0, 0, 17, 35),
	(1277, 107, '2020-05-01', 18, 0, 0, 18, 38),
	(1278, 107, '2020-06-01', 17, 0, 0, 17, 35),
	(1279, 107, '2020-07-01', 17, 0, 0, 17, 36),
	(1280, 107, '2020-08-01', 17, 0, 0, 17, 34),
	(1281, 107, '2020-09-01', 16, 0, 0, 16, 33),
	(1282, 107, '2020-10-01', 16, 0, 0, 16, 34),
	(1283, 107, '2020-11-01', 17, 0, 0, 17, 34),
	(1284, 107, '2020-12-01', 16, 0, 0, 16, 33),
	(1285, 108, '2020-01-01', 11, 0, 0, 11, 10),
	(1286, 108, '2020-02-01', 11, 0, 0, 11, 10),
	(1287, 108, '2020-03-01', 11, 0, 0, 11, 11),
	(1288, 108, '2020-04-01', 11, 0, 0, 11, 10),
	(1289, 108, '2020-05-01', 11, 0, 0, 11, 11),
	(1290, 108, '2020-06-01', 11, 0, 0, 11, 10),
	(1291, 108, '2020-07-01', 11, 0, 0, 11, 10),
	(1292, 108, '2020-08-01', 10, 0, 0, 10, 10),
	(1293, 108, '2020-09-01', 10, 0, 0, 10, 10),
	(1294, 108, '2020-10-01', 10, 0, 0, 10, 10),
	(1295, 108, '2020-11-01', 10, 0, 0, 10, 10),
	(1296, 108, '2020-12-01', 10, 0, 0, 10, 10),
	(1297, 109, '2020-01-01', 5, 0, 0, 5, 0),
	(1298, 109, '2020-02-01', 4, 0, 0, 4, 0),
	(1299, 109, '2020-03-01', 6, 0, 0, 6, 0),
	(1300, 109, '2020-04-01', 5, 0, 0, 5, 0),
	(1301, 109, '2020-05-01', 4, 0, 0, 4, 0),
	(1302, 109, '2020-06-01', 3, 0, 0, 3, 0),
	(1303, 109, '2020-07-01', 3, 0, 0, 3, 0),
	(1304, 109, '2020-08-01', 2, 0, 0, 2, 0),
	(1305, 109, '2020-09-01', 8, 0, 0, 8, 0),
	(1306, 109, '2020-10-01', 4, 0, 0, 4, 0),
	(1307, 109, '2020-11-01', 7, 0, 0, 7, 0),
	(1308, 109, '2020-12-01', 4, 0, 0, 4, 0),
	(1309, 110, '2020-01-01', 148, 0, 1, 150, 15018),
	(1310, 110, '2020-02-01', 147, 0, 1, 149, 14952),
	(1311, 110, '2020-03-01', 156, 0, 2, 157, 15805),
	(1312, 110, '2020-04-01', 150, 0, 2, 151, 15190),
	(1313, 110, '2020-05-01', 159, 0, 2, 161, 16165),
	(1314, 110, '2020-06-01', 148, 0, 2, 150, 15040),
	(1315, 110, '2020-07-01', 151, 0, 2, 152, 15293),
	(1316, 110, '2020-08-01', 143, 0, 1, 145, 14537),
	(1317, 110, '2020-09-01', 140, 0, 1, 141, 14162),
	(1318, 110, '2020-10-01', 142, 0, 1, 144, 14431),
	(1319, 110, '2020-11-01', 145, 0, 1, 147, 14736),
	(1320, 110, '2020-12-01', 138, 0, 1, 140, 14014),
	(1321, 111, '2020-01-01', 4, 0, 0, 4, 402),
	(1322, 111, '2020-02-01', 4, 0, 0, 4, 395),
	(1323, 111, '2020-03-01', 4, 0, 0, 4, 421),
	(1324, 111, '2020-04-01', 4, 0, 0, 4, 401),
	(1325, 111, '2020-05-01', 4, 0, 0, 4, 430),
	(1326, 111, '2020-06-01', 4, 0, 0, 4, 397),
	(1327, 111, '2020-07-01', 4, 0, 0, 4, 403),
	(1328, 111, '2020-08-01', 3, 0, 0, 4, 387),
	(1329, 111, '2020-09-01', 3, 0, 0, 4, 377),
	(1330, 111, '2020-10-01', 3, 0, 0, 4, 384),
	(1331, 111, '2020-11-01', 4, 0, 0, 4, 392),
	(1332, 111, '2020-12-01', 3, 0, 0, 3, 374),
	(1333, 112, '2020-01-01', 6, 0, 0, 6, 645),
	(1334, 112, '2020-02-01', 6, 0, 0, 6, 642),
	(1335, 112, '2020-03-01', 6, 0, 0, 6, 678),
	(1336, 112, '2020-04-01', 6, 0, 0, 6, 652),
	(1337, 112, '2020-05-01', 6, 0, 0, 7, 694),
	(1338, 112, '2020-06-01', 6, 0, 0, 6, 646),
	(1339, 112, '2020-07-01', 6, 0, 0, 6, 656),
	(1340, 112, '2020-08-01', 6, 0, 0, 6, 624),
	(1341, 112, '2020-09-01', 6, 0, 0, 6, 608),
	(1342, 112, '2020-10-01', 6, 0, 0, 6, 619),
	(1343, 112, '2020-11-01', 6, 0, 0, 6, 632),
	(1344, 112, '2020-12-01', 6, 0, 0, 6, 602),
	(1345, 113, '2020-01-01', 2, 0, 0, 2, 3),
	(1346, 113, '2020-02-01', 2, 0, 0, 2, 3),
	(1347, 113, '2020-03-01', 2, 0, 0, 2, 3),
	(1348, 113, '2020-04-01', 2, 0, 0, 2, 3),
	(1349, 113, '2020-05-01', 2, 0, 0, 2, 3),
	(1350, 113, '2020-06-01', 2, 0, 0, 2, 3),
	(1351, 113, '2020-07-01', 2, 0, 0, 2, 3),
	(1352, 113, '2020-08-01', 2, 0, 0, 2, 3),
	(1353, 113, '2020-09-01', 2, 0, 0, 2, 3),
	(1354, 113, '2020-10-01', 2, 0, 0, 2, 3),
	(1355, 113, '2020-11-01', 2, 0, 0, 2, 3),
	(1356, 113, '2020-12-01', 2, 0, 0, 2, 3),
	(1357, 114, '2020-01-01', 19, 0, 0, 19, 17),
	(1358, 114, '2020-02-01', 19, 0, 0, 19, 17),
	(1359, 114, '2020-03-01', 20, 0, 0, 20, 18),
	(1360, 114, '2020-04-01', 19, 0, 0, 19, 17),
	(1361, 114, '2020-05-01', 20, 0, 0, 20, 18),
	(1362, 114, '2020-06-01', 19, 0, 0, 19, 17),
	(1363, 114, '2020-07-01', 19, 0, 0, 19, 17),
	(1364, 114, '2020-08-01', 18, 0, 0, 18, 16),
	(1365, 114, '2020-09-01', 18, 0, 0, 18, 16),
	(1366, 114, '2020-10-01', 18, 0, 0, 18, 16),
	(1367, 114, '2020-11-01', 18, 0, 0, 18, 16),
	(1368, 114, '2020-12-01', 17, 0, 0, 17, 16),
	(1369, 115, '2020-01-01', 39, 0, 0, 39, 0),
	(1370, 115, '2020-02-01', 29, 0, 0, 29, 0),
	(1371, 115, '2020-03-01', 47, 0, 0, 47, 0),
	(1372, 115, '2020-04-01', 36, 0, 0, 36, 0),
	(1373, 115, '2020-05-01', 33, 0, 0, 33, 0),
	(1374, 115, '2020-06-01', 24, 0, 0, 24, 0),
	(1375, 115, '2020-07-01', 25, 0, 0, 25, 0),
	(1376, 115, '2020-08-01', 15, 0, 0, 15, 0),
	(1377, 115, '2020-09-01', 65, 0, 0, 65, 0),
	(1378, 115, '2020-10-01', 31, 0, 0, 31, 0),
	(1379, 115, '2020-11-01', 56, 0, 0, 56, 0),
	(1380, 115, '2020-12-01', 30, 0, 0, 30, 0),
	(1381, 116, '2020-01-01', 1589, 151, 35, 1775, 110569),
	(1382, 116, '2020-02-01', 1581, 150, 35, 1766, 110038),
	(1383, 116, '2020-03-01', 1671, 159, 37, 1867, 116318),
	(1384, 116, '2020-04-01', 1606, 153, 36, 1795, 111793),
	(1385, 116, '2020-05-01', 1709, 163, 38, 1910, 118967),
	(1386, 116, '2020-06-01', 1590, 151, 35, 1777, 110690),
	(1387, 116, '2020-07-01', 1594, 154, 36, 1784, 111115),
	(1388, 116, '2020-08-01', 1537, 146, 34, 1717, 106985),
	(1389, 116, '2020-09-01', 1497, 142, 33, 1673, 104226),
	(1390, 116, '2020-10-01', 1526, 145, 34, 1705, 106205),
	(1391, 116, '2020-11-01', 1558, 148, 35, 1741, 108451),
	(1392, 116, '2020-12-01', 1482, 141, 33, 1656, 103140),
	(1393, 117, '2020-01-01', 57, 10, 1, 68, 3809),
	(1394, 117, '2020-02-01', 56, 10, 1, 67, 3747),
	(1395, 117, '2020-03-01', 59, 11, 1, 71, 3987),
	(1396, 117, '2020-04-01', 56, 10, 1, 67, 3798),
	(1397, 117, '2020-05-01', 61, 11, 1, 72, 4077),
	(1398, 117, '2020-06-01', 56, 10, 1, 67, 3764),
	(1399, 117, '2020-07-01', 57, 10, 1, 68, 3817),
	(1400, 117, '2020-08-01', 54, 10, 1, 65, 3669),
	(1401, 117, '2020-09-01', 53, 10, 1, 63, 3572),
	(1402, 117, '2020-10-01', 54, 10, 1, 65, 3642),
	(1403, 117, '2020-11-01', 55, 10, 1, 66, 3715),
	(1404, 117, '2020-12-01', 53, 9, 1, 63, 3544),
	(1405, 118, '2020-01-01', 64, 10, 2, 75, 6044),
	(1406, 118, '2020-02-01', 63, 10, 2, 75, 6014),
	(1407, 118, '2020-03-01', 67, 11, 2, 79, 6358),
	(1408, 118, '2020-04-01', 64, 10, 2, 76, 6110),
	(1409, 118, '2020-05-01', 68, 11, 2, 81, 6503),
	(1410, 118, '2020-06-01', 64, 10, 2, 75, 6050),
	(1411, 118, '2020-07-01', 65, 10, 2, 76, 6152),
	(1412, 118, '2020-08-01', 61, 10, 2, 73, 5848),
	(1413, 118, '2020-09-01', 60, 9, 1, 71, 5697),
	(1414, 118, '2020-10-01', 61, 10, 2, 72, 5805),
	(1415, 118, '2020-11-01', 62, 10, 2, 74, 5928),
	(1416, 118, '2020-12-01', 59, 9, 1, 70, 5637),
	(1417, 119, '2020-01-01', 265, 0, 0, 265, 181),
	(1418, 119, '2020-02-01', 263, 0, 0, 263, 180),
	(1419, 119, '2020-03-01', 278, 0, 0, 278, 190),
	(1420, 119, '2020-04-01', 267, 0, 0, 267, 183),
	(1421, 119, '2020-05-01', 285, 0, 0, 285, 194),
	(1422, 119, '2020-06-01', 265, 0, 0, 265, 181),
	(1423, 119, '2020-07-01', 269, 0, 0, 269, 184),
	(1424, 119, '2020-08-01', 256, 0, 0, 256, 175),
	(1425, 119, '2020-09-01', 249, 0, 0, 249, 170),
	(1426, 119, '2020-10-01', 254, 0, 0, 254, 173),
	(1427, 119, '2020-11-01', 259, 0, 0, 259, 177),
	(1428, 119, '2020-12-01', 247, 0, 0, 247, 168),
	(1429, 120, '2020-01-01', 78, 0, 0, 78, 54),
	(1430, 120, '2020-02-01', 78, 0, 0, 78, 54),
	(1431, 120, '2020-03-01', 82, 0, 0, 82, 57),
	(1432, 120, '2020-04-01', 79, 0, 0, 79, 54),
	(1433, 120, '2020-05-01', 84, 0, 0, 84, 58),
	(1434, 120, '2020-06-01', 78, 0, 0, 78, 54),
	(1435, 120, '2020-07-01', 80, 0, 0, 80, 55),
	(1436, 120, '2020-08-01', 76, 0, 0, 76, 52),
	(1437, 120, '2020-09-01', 74, 0, 0, 74, 51),
	(1438, 120, '2020-10-01', 75, 0, 0, 75, 52),
	(1439, 120, '2020-11-01', 77, 0, 0, 77, 53),
	(1440, 120, '2020-12-01', 73, 0, 0, 73, 50),
	(1441, 121, '2020-01-01', 40, 0, 0, 40, 0),
	(1442, 121, '2020-02-01', 30, 0, 0, 30, 0),
	(1443, 121, '2020-03-01', 48, 0, 0, 48, 0),
	(1444, 121, '2020-04-01', 37, 0, 0, 37, 0),
	(1445, 121, '2020-05-01', 34, 0, 0, 34, 0),
	(1446, 121, '2020-06-01', 25, 0, 0, 25, 0),
	(1447, 121, '2020-07-01', 26, 0, 0, 26, 0),
	(1448, 121, '2020-08-01', 16, 0, 0, 16, 0),
	(1449, 121, '2020-09-01', 66, 0, 0, 66, 0),
	(1450, 121, '2020-10-01', 31, 0, 0, 31, 0),
	(1451, 121, '2020-11-01', 58, 0, 0, 58, 0),
	(1452, 121, '2020-12-01', 31, 0, 0, 31, 0),
	(1453, 122, '2020-01-01', 0, 0, 0, 0, 0),
	(1454, 122, '2020-02-01', 0, 0, 0, 0, 0),
	(1455, 122, '2020-03-01', 0, 0, 0, 0, 0),
	(1456, 122, '2020-04-01', 0, 0, 0, 0, 0),
	(1457, 122, '2020-05-01', 0, 0, 0, 0, 0),
	(1458, 122, '2020-07-01', 0, 0, 0, 0, 0),
	(1459, 122, '2020-08-01', 0, 0, 0, 0, 0),
	(1460, 122, '2020-09-01', 0, 0, 0, 0, 0),
	(1461, 122, '2020-10-01', 0, 0, 0, 0, 0),
	(1462, 122, '2020-11-01', 0, 0, 0, 0, 0),
	(1463, 122, '2020-12-01', 0, 0, 0, 0, 0),
	(1464, 123, '2020-01-01', 0, 0, 0, 0, 0),
	(1465, 123, '2020-02-01', 0, 0, 0, 0, 0),
	(1466, 123, '2020-03-01', 0, 0, 0, 0, 0),
	(1467, 123, '2020-04-01', 0, 0, 0, 0, 0),
	(1468, 123, '2020-05-01', 0, 0, 0, 0, 0),
	(1469, 123, '2020-07-01', 0, 0, 0, 0, 0),
	(1470, 123, '2020-08-01', 0, 0, 0, 0, 0),
	(1471, 123, '2020-09-01', 0, 0, 0, 0, 0),
	(1472, 123, '2020-10-01', 0, 0, 0, 0, 0),
	(1473, 123, '2020-11-01', 0, 0, 0, 0, 0),
	(1474, 123, '2020-12-01', 0, 0, 0, 0, 0),
	(1475, 124, '2020-01-01', 0, 0, 0, 0, 0),
	(1476, 124, '2020-02-01', 0, 0, 0, 0, 0),
	(1477, 124, '2020-03-01', 0, 0, 0, 0, 0),
	(1478, 124, '2020-04-01', 0, 0, 0, 0, 0),
	(1479, 124, '2020-05-01', 0, 0, 0, 0, 0),
	(1480, 124, '2020-07-01', 0, 0, 0, 0, 0),
	(1481, 124, '2020-08-01', 0, 0, 0, 0, 0),
	(1482, 124, '2020-09-01', 0, 0, 0, 0, 0),
	(1483, 124, '2020-10-01', 0, 0, 0, 0, 0),
	(1484, 124, '2020-11-01', 0, 0, 0, 0, 0),
	(1485, 124, '2020-12-01', 0, 0, 0, 0, 0),
	(1486, 125, '2020-01-01', 85, 0, 0, 85, 59),
	(1487, 125, '2020-02-01', 85, 0, 0, 85, 58),
	(1488, 125, '2020-03-01', 89, 0, 0, 89, 62),
	(1489, 125, '2020-04-01', 86, 0, 0, 86, 59),
	(1490, 125, '2020-05-01', 91, 0, 0, 91, 63),
	(1491, 125, '2020-06-01', 85, 0, 0, 85, 59),
	(1492, 125, '2020-07-01', 86, 0, 0, 86, 60),
	(1493, 125, '2020-08-01', 82, 0, 0, 82, 57),
	(1494, 125, '2020-09-01', 80, 0, 0, 80, 55),
	(1495, 125, '2020-10-01', 82, 0, 0, 82, 56),
	(1496, 125, '2020-11-01', 83, 0, 0, 83, 58),
	(1497, 125, '2020-12-01', 79, 0, 0, 79, 55),
	(1498, 126, '2020-01-01', 6, 0, 0, 6, 6),
	(1499, 126, '2020-02-01', 6, 0, 0, 6, 6),
	(1500, 126, '2020-03-01', 7, 0, 0, 7, 6),
	(1501, 126, '2020-04-01', 7, 0, 0, 7, 6),
	(1502, 126, '2020-05-01', 7, 0, 0, 7, 7),
	(1503, 126, '2020-06-01', 6, 0, 0, 6, 6),
	(1504, 126, '2020-07-01', 7, 0, 0, 7, 6),
	(1505, 126, '2020-08-01', 6, 0, 0, 6, 6),
	(1506, 126, '2020-09-01', 6, 0, 0, 6, 6),
	(1507, 126, '2020-10-01', 6, 0, 0, 6, 6),
	(1508, 126, '2020-11-01', 6, 0, 0, 6, 6),
	(1509, 126, '2020-12-01', 6, 0, 0, 6, 6),
	(1510, 127, '2020-01-01', 410, 2, 1, 413, 42882),
	(1511, 127, '2020-02-01', 408, 2, 1, 411, 42676),
	(1512, 127, '2020-03-01', 431, 2, 1, 434, 45111),
	(1513, 127, '2020-04-01', 414, 2, 1, 417, 43356),
	(1514, 127, '2020-05-01', 441, 2, 1, 444, 46139),
	(1515, 127, '2020-06-01', 410, 2, 1, 413, 42929),
	(1516, 127, '2020-07-01', 417, 2, 1, 420, 43652),
	(1517, 127, '2020-08-01', 396, 2, 1, 399, 41491),
	(1518, 127, '2020-09-01', 386, 2, 1, 389, 40421),
	(1519, 127, '2020-10-01', 393, 2, 1, 396, 41189),
	(1520, 127, '2020-11-01', 402, 2, 1, 405, 42060),
	(1521, 127, '2020-12-01', 382, 2, 1, 385, 40001),
	(1522, 128, '2020-01-01', 8, 0, 0, 8, 467),
	(1523, 128, '2020-02-01', 8, 0, 0, 8, 460),
	(1524, 128, '2020-03-01', 8, 0, 0, 8, 489),
	(1525, 128, '2020-04-01', 8, 0, 0, 8, 466),
	(1526, 128, '2020-05-01', 8, 0, 0, 8, 500),
	(1527, 128, '2020-06-01', 8, 0, 0, 8, 462),
	(1528, 128, '2020-07-01', 8, 0, 0, 8, 468),
	(1529, 128, '2020-08-01', 8, 0, 0, 8, 450),
	(1530, 128, '2020-09-01', 7, 0, 0, 7, 438),
	(1531, 128, '2020-10-01', 8, 0, 0, 8, 447),
	(1532, 128, '2020-11-01', 8, 0, 0, 8, 456),
	(1533, 128, '2020-12-01', 7, 0, 0, 7, 435),
	(1534, 129, '2020-01-01', 16, 0, 0, 17, 1112),
	(1535, 129, '2020-02-01', 16, 0, 0, 17, 1107),
	(1536, 129, '2020-03-01', 17, 0, 0, 18, 1170),
	(1537, 129, '2020-04-01', 17, 0, 0, 17, 1125),
	(1538, 129, '2020-05-01', 18, 0, 0, 18, 1197),
	(1539, 129, '2020-06-01', 16, 0, 0, 17, 1113),
	(1540, 129, '2020-07-01', 17, 0, 0, 17, 1132),
	(1541, 129, '2020-08-01', 16, 0, 0, 16, 1076),
	(1542, 129, '2020-09-01', 15, 0, 0, 16, 1048),
	(1543, 129, '2020-10-01', 16, 0, 0, 16, 1068),
	(1544, 129, '2020-11-01', 16, 0, 0, 16, 1091),
	(1545, 129, '2020-12-01', 15, 0, 0, 16, 1038),
	(1546, 130, '2020-01-01', 357, 0, 0, 357, 264),
	(1547, 130, '2020-02-01', 355, 0, 0, 355, 263),
	(1548, 130, '2020-03-01', 375, 0, 0, 375, 278),
	(1549, 130, '2020-04-01', 361, 0, 0, 361, 267),
	(1550, 130, '2020-05-01', 384, 0, 0, 384, 284),
	(1551, 130, '2020-06-01', 357, 0, 0, 357, 265),
	(1552, 130, '2020-07-01', 363, 0, 0, 363, 269),
	(1553, 130, '2020-08-01', 345, 0, 0, 345, 256),
	(1554, 130, '2020-09-01', 336, 0, 0, 336, 249),
	(1555, 130, '2020-10-01', 343, 0, 0, 343, 254),
	(1556, 130, '2020-11-01', 350, 0, 0, 350, 259),
	(1557, 130, '2020-12-01', 333, 0, 0, 333, 246),
	(1558, 131, '2020-01-01', 17, 0, 0, 17, 14),
	(1559, 131, '2020-02-01', 16, 0, 0, 16, 14),
	(1560, 131, '2020-03-01', 17, 0, 0, 17, 15),
	(1561, 131, '2020-04-01', 17, 0, 0, 17, 15),
	(1562, 131, '2020-05-01', 18, 0, 0, 18, 15),
	(1563, 131, '2020-06-01', 17, 0, 0, 17, 14),
	(1564, 131, '2020-07-01', 17, 0, 0, 17, 15),
	(1565, 131, '2020-08-01', 16, 0, 0, 16, 14),
	(1566, 131, '2020-09-01', 16, 0, 0, 16, 14),
	(1567, 131, '2020-10-01', 16, 0, 0, 16, 14),
	(1568, 131, '2020-11-01', 16, 0, 0, 16, 14),
	(1569, 131, '2020-12-01', 15, 0, 0, 15, 13),
	(1570, 132, '2020-01-01', 10, 0, 0, 10, 0),
	(1571, 132, '2020-02-01', 8, 0, 0, 8, 0),
	(1572, 132, '2020-03-01', 13, 0, 0, 13, 0),
	(1573, 132, '2020-04-01', 10, 0, 0, 10, 0),
	(1574, 132, '2020-05-01', 9, 0, 0, 9, 0),
	(1575, 132, '2020-06-01', 6, 0, 0, 6, 0),
	(1576, 132, '2020-07-01', 7, 0, 0, 7, 0),
	(1577, 132, '2020-08-01', 4, 0, 0, 4, 0),
	(1578, 132, '2020-09-01', 17, 0, 0, 17, 0),
	(1579, 132, '2020-10-01', 8, 0, 0, 8, 0),
	(1580, 132, '2020-11-01', 15, 0, 0, 15, 0),
	(1581, 132, '2020-12-01', 8, 0, 0, 8, 0),
	(1582, 133, '2020-01-01', 216, 10, 2, 227, 19446),
	(1583, 133, '2020-02-01', 215, 10, 2, 226, 19352),
	(1584, 133, '2020-03-01', 227, 11, 2, 239, 20457),
	(1585, 133, '2020-04-01', 218, 10, 2, 230, 19652),
	(1586, 133, '2020-05-01', 232, 11, 2, 245, 20923),
	(1587, 133, '2020-06-01', 216, 10, 2, 228, 19467),
	(1588, 133, '2020-07-01', 220, 10, 2, 232, 19795),
	(1589, 133, '2020-08-01', 209, 10, 1, 220, 18815),
	(1590, 133, '2020-09-01', 204, 9, 1, 214, 18330),
	(1591, 133, '2020-10-01', 207, 10, 1, 219, 18678),
	(1592, 133, '2020-11-01', 212, 10, 1, 223, 19073),
	(1593, 133, '2020-12-01', 201, 9, 1, 212, 18139),
	(1594, 134, '2020-01-01', 15, 1, 0, 16, 1726),
	(1595, 134, '2020-02-01', 14, 1, 0, 16, 1698),
	(1596, 134, '2020-03-01', 15, 1, 0, 17, 1807),
	(1597, 134, '2020-04-01', 15, 1, 0, 16, 1721),
	(1598, 134, '2020-05-01', 16, 1, 0, 17, 1848),
	(1599, 134, '2020-06-01', 14, 1, 0, 16, 1706),
	(1600, 134, '2020-07-01', 15, 1, 0, 16, 1730),
	(1601, 134, '2020-08-01', 14, 1, 0, 16, 1663),
	(1602, 134, '2020-09-01', 14, 1, 0, 15, 1619),
	(1603, 134, '2020-10-01', 14, 1, 0, 15, 1651),
	(1604, 134, '2020-11-01', 14, 1, 0, 16, 1684),
	(1605, 134, '2020-12-01', 14, 1, 0, 15, 1606),
	(1606, 135, '2020-01-01', 9, 0, 0, 9, 694),
	(1607, 135, '2020-02-01', 9, 0, 0, 9, 691),
	(1608, 135, '2020-03-01', 9, 0, 0, 9, 730),
	(1609, 135, '2020-04-01', 9, 0, 0, 9, 702),
	(1610, 135, '2020-05-01', 9, 0, 0, 10, 747),
	(1611, 135, '2020-06-01', 9, 0, 0, 9, 695),
	(1612, 135, '2020-07-01', 9, 0, 0, 9, 707),
	(1613, 135, '2020-08-01', 8, 0, 0, 9, 672),
	(1614, 135, '2020-09-01', 8, 0, 0, 8, 654),
	(1615, 135, '2020-10-01', 8, 0, 0, 9, 667),
	(1616, 135, '2020-11-01', 8, 0, 0, 9, 681),
	(1617, 135, '2020-12-01', 8, 0, 0, 8, 648),
	(1618, 136, '2020-01-01', 300, 0, 0, 300, 351),
	(1619, 136, '2020-02-01', 299, 0, 0, 299, 349),
	(1620, 136, '2020-03-01', 316, 0, 0, 316, 369),
	(1621, 136, '2020-04-01', 303, 0, 0, 303, 355),
	(1622, 136, '2020-05-01', 323, 0, 0, 323, 378),
	(1623, 136, '2020-06-01', 300, 0, 0, 300, 352),
	(1624, 136, '2020-07-01', 305, 0, 0, 305, 357),
	(1625, 136, '2020-08-01', 290, 0, 0, 290, 340),
	(1626, 136, '2020-09-01', 283, 0, 0, 283, 331),
	(1627, 136, '2020-10-01', 288, 0, 0, 288, 337),
	(1628, 136, '2020-11-01', 294, 0, 0, 294, 344),
	(1629, 136, '2020-12-01', 280, 0, 0, 280, 328),
	(1630, 137, '2020-01-01', 85, 0, 0, 85, 67),
	(1631, 137, '2020-02-01', 85, 0, 0, 85, 67),
	(1632, 137, '2020-03-01', 89, 0, 0, 89, 71),
	(1633, 137, '2020-04-01', 86, 0, 0, 86, 68),
	(1634, 137, '2020-05-01', 91, 0, 0, 91, 73),
	(1635, 137, '2020-06-01', 85, 0, 0, 85, 68),
	(1636, 137, '2020-07-01', 86, 0, 0, 86, 69),
	(1637, 137, '2020-08-01', 82, 0, 0, 82, 65),
	(1638, 137, '2020-09-01', 80, 0, 0, 80, 64),
	(1639, 137, '2020-10-01', 82, 0, 0, 82, 65),
	(1640, 137, '2020-11-01', 83, 0, 0, 83, 66),
	(1641, 137, '2020-12-01', 79, 0, 0, 79, 63),
	(1642, 138, '2020-01-01', 4, 0, 0, 4, 0),
	(1643, 138, '2020-02-01', 3, 0, 0, 3, 0),
	(1644, 138, '2020-03-01', 4, 0, 0, 4, 0),
	(1645, 138, '2020-04-01', 3, 0, 0, 3, 0),
	(1646, 138, '2020-05-01', 3, 0, 0, 3, 0),
	(1647, 138, '2020-06-01', 2, 0, 0, 2, 0),
	(1648, 138, '2020-07-01', 2, 0, 0, 2, 0),
	(1649, 138, '2020-08-01', 1, 0, 0, 1, 0),
	(1650, 138, '2020-09-01', 6, 0, 0, 6, 0),
	(1651, 138, '2020-10-01', 3, 0, 0, 3, 0),
	(1652, 138, '2020-11-01', 5, 0, 0, 5, 0),
	(1653, 138, '2020-12-01', 3, 0, 0, 3, 0),
	(1654, 139, '2020-01-01', 705, 58, 14, 777, 61030),
	(1655, 139, '2020-02-01', 702, 58, 14, 773, 60737),
	(1656, 139, '2020-03-01', 742, 61, 15, 817, 64203),
	(1657, 139, '2020-04-01', 713, 58, 14, 785, 61705),
	(1658, 139, '2020-05-01', 759, 62, 15, 836, 65665),
	(1659, 139, '2020-06-01', 706, 58, 14, 778, 61097),
	(1660, 139, '2020-07-01', 722, 59, 14, 795, 62469),
	(1661, 139, '2020-08-01', 682, 56, 14, 752, 59051),
	(1662, 139, '2020-09-01', 665, 55, 13, 732, 57529),
	(1663, 139, '2020-10-01', 677, 56, 13, 746, 58621),
	(1664, 139, '2020-11-01', 691, 57, 14, 762, 59861),
	(1665, 139, '2020-12-01', 658, 54, 13, 725, 56930),
	(1666, 140, '2020-01-01', 21, 4, 0, 26, 1549),
	(1667, 140, '2020-02-01', 21, 4, 0, 25, 1524),
	(1668, 140, '2020-03-01', 22, 4, 0, 27, 1621),
	(1669, 140, '2020-04-01', 21, 4, 0, 26, 1544),
	(1670, 140, '2020-05-01', 23, 4, 0, 28, 1658),
	(1671, 140, '2020-06-01', 21, 4, 0, 25, 1531),
	(1672, 140, '2020-07-01', 21, 4, 0, 26, 1552),
	(1673, 140, '2020-08-01', 20, 4, 0, 25, 1492),
	(1674, 140, '2020-09-01', 20, 4, 0, 24, 1452),
	(1675, 140, '2020-10-01', 20, 4, 0, 25, 1481),
	(1676, 140, '2020-11-01', 21, 4, 0, 25, 1511),
	(1677, 140, '2020-12-01', 20, 4, 0, 24, 1441),
	(1678, 141, '2020-01-01', 28, 6, 1, 35, 2454),
	(1679, 141, '2020-02-01', 28, 6, 1, 34, 2442),
	(1680, 141, '2020-03-01', 30, 6, 1, 36, 2581),
	(1681, 141, '2020-04-01', 29, 6, 1, 35, 2481),
	(1682, 141, '2020-05-01', 30, 6, 1, 37, 2640),
	(1683, 141, '2020-06-01', 28, 6, 1, 35, 2457),
	(1684, 141, '2020-07-01', 29, 6, 1, 35, 2498),
	(1685, 141, '2020-08-01', 27, 6, 1, 34, 2374),
	(1686, 141, '2020-09-01', 27, 5, 1, 33, 2313),
	(1687, 141, '2020-10-01', 27, 6, 1, 33, 2357),
	(1688, 141, '2020-11-01', 28, 6, 1, 34, 2407),
	(1689, 141, '2020-12-01', 26, 5, 1, 32, 2289),
	(1690, 142, '2020-01-01', 155, 0, 0, 155, 117),
	(1691, 142, '2020-02-01', 154, 0, 0, 154, 117),
	(1692, 142, '2020-03-01', 163, 0, 0, 163, 123),
	(1693, 142, '2020-04-01', 157, 0, 0, 157, 118),
	(1694, 142, '2020-05-01', 167, 0, 0, 167, 126),
	(1695, 142, '2020-06-01', 155, 0, 0, 155, 117),
	(1696, 142, '2020-07-01', 158, 0, 0, 158, 119),
	(1697, 142, '2020-08-01', 150, 0, 0, 150, 113),
	(1698, 142, '2020-09-01', 146, 0, 0, 146, 110),
	(1699, 142, '2020-10-01', 149, 0, 0, 149, 113),
	(1700, 142, '2020-11-01', 152, 0, 0, 152, 115),
	(1701, 142, '2020-12-01', 144, 0, 0, 144, 109),
	(1702, 143, '2020-01-01', 42, 0, 0, 42, 32),
	(1703, 143, '2020-02-01', 42, 0, 0, 42, 32),
	(1704, 143, '2020-03-01', 45, 0, 0, 45, 34),
	(1705, 143, '2020-04-01', 43, 0, 0, 43, 32),
	(1706, 143, '2020-05-01', 46, 0, 0, 46, 34),
	(1707, 143, '2020-06-01', 42, 0, 0, 42, 32),
	(1708, 143, '2020-07-01', 43, 0, 0, 43, 32),
	(1709, 143, '2020-08-01', 41, 0, 0, 41, 31),
	(1710, 143, '2020-09-01', 40, 0, 0, 40, 30),
	(1711, 143, '2020-10-01', 41, 0, 0, 41, 31),
	(1712, 143, '2020-11-01', 42, 0, 0, 42, 31),
	(1713, 143, '2020-12-01', 40, 0, 0, 40, 30),
	(1714, 144, '2020-01-01', 6, 0, 0, 6, 0),
	(1715, 144, '2020-02-01', 4, 0, 0, 4, 0),
	(1716, 144, '2020-03-01', 7, 0, 0, 7, 0),
	(1717, 144, '2020-04-01', 5, 0, 0, 5, 0),
	(1718, 144, '2020-05-01', 5, 0, 0, 5, 0),
	(1719, 144, '2020-06-01', 4, 0, 0, 4, 0),
	(1720, 144, '2020-07-01', 4, 0, 0, 4, 0),
	(1721, 144, '2020-08-01', 2, 0, 0, 2, 0),
	(1722, 144, '2020-09-01', 9, 0, 0, 9, 0),
	(1723, 144, '2020-10-01', 4, 0, 0, 4, 0),
	(1724, 144, '2020-11-01', 8, 0, 0, 8, 0),
	(1725, 144, '2020-12-01', 4, 0, 0, 4, 0),
	(1726, 145, '2020-01-01', 81, 0, 1, 82, 7439),
	(1727, 145, '2020-02-01', 81, 0, 1, 82, 7403),
	(1728, 145, '2020-03-01', 85, 0, 1, 86, 7826),
	(1729, 145, '2020-04-01', 82, 0, 1, 83, 7521),
	(1730, 145, '2020-05-01', 87, 0, 1, 88, 8004),
	(1731, 145, '2020-06-01', 81, 0, 1, 82, 7447),
	(1732, 145, '2020-07-01', 83, 0, 1, 83, 7573),
	(1733, 145, '2020-08-01', 79, 0, 1, 79, 7198),
	(1734, 145, '2020-09-01', 77, 0, 1, 77, 7012),
	(1735, 145, '2020-10-01', 78, 0, 1, 79, 7146),
	(1736, 145, '2020-11-01', 80, 0, 1, 80, 7297),
	(1737, 145, '2020-12-01', 76, 0, 1, 76, 6939),
	(1738, 146, '2020-01-01', 6, 0, 0, 6, 571),
	(1739, 146, '2020-02-01', 6, 0, 0, 6, 561),
	(1740, 146, '2020-03-01', 6, 0, 0, 6, 597),
	(1741, 146, '2020-04-01', 6, 0, 0, 6, 569),
	(1742, 146, '2020-05-01', 6, 0, 0, 6, 611),
	(1743, 146, '2020-06-01', 6, 0, 0, 6, 564),
	(1744, 146, '2020-07-01', 6, 0, 0, 6, 572),
	(1745, 146, '2020-08-01', 6, 0, 0, 6, 550),
	(1746, 146, '2020-09-01', 6, 0, 0, 6, 535),
	(1747, 146, '2020-10-01', 6, 0, 0, 6, 546),
	(1748, 146, '2020-11-01', 6, 0, 0, 6, 557),
	(1749, 146, '2020-12-01', 6, 0, 0, 6, 531),
	(1750, 147, '2020-01-01', 3, 0, 0, 3, 332),
	(1751, 147, '2020-02-01', 3, 0, 0, 3, 331),
	(1752, 147, '2020-03-01', 3, 0, 0, 4, 350),
	(1753, 147, '2020-04-01', 3, 0, 0, 3, 336),
	(1754, 147, '2020-05-01', 3, 0, 0, 4, 358),
	(1755, 147, '2020-06-01', 3, 0, 0, 3, 333),
	(1756, 147, '2020-07-01', 3, 0, 0, 3, 338),
	(1757, 147, '2020-08-01', 3, 0, 0, 3, 322),
	(1758, 147, '2020-09-01', 3, 0, 0, 3, 313),
	(1759, 147, '2020-10-01', 3, 0, 0, 3, 319),
	(1760, 147, '2020-11-01', 3, 0, 0, 3, 326),
	(1761, 147, '2020-12-01', 3, 0, 0, 3, 310),
	(1762, 148, '2020-01-01', 10, 0, 0, 10, 13),
	(1763, 148, '2020-02-01', 10, 0, 0, 10, 13),
	(1764, 148, '2020-03-01', 11, 0, 0, 11, 14),
	(1765, 148, '2020-04-01', 11, 0, 0, 11, 14),
	(1766, 148, '2020-05-01', 11, 0, 0, 11, 15),
	(1767, 148, '2020-06-01', 10, 0, 0, 10, 13),
	(1768, 148, '2020-07-01', 11, 0, 0, 11, 14),
	(1769, 148, '2020-08-01', 10, 0, 0, 10, 13),
	(1770, 148, '2020-09-01', 10, 0, 0, 10, 13),
	(1771, 148, '2020-10-01', 10, 0, 0, 10, 13),
	(1772, 148, '2020-11-01', 10, 0, 0, 10, 13),
	(1773, 148, '2020-12-01', 10, 0, 0, 10, 13),
	(1774, 149, '2020-01-01', 32, 0, 0, 32, 31),
	(1775, 149, '2020-02-01', 32, 0, 0, 32, 31),
	(1776, 149, '2020-03-01', 33, 0, 0, 33, 33),
	(1777, 149, '2020-04-01', 32, 0, 0, 32, 32),
	(1778, 149, '2020-05-01', 34, 0, 0, 34, 34),
	(1779, 149, '2020-06-01', 32, 0, 0, 32, 31),
	(1780, 149, '2020-07-01', 32, 0, 0, 32, 32),
	(1781, 149, '2020-08-01', 31, 0, 0, 31, 30),
	(1782, 149, '2020-09-01', 30, 0, 0, 30, 29),
	(1783, 149, '2020-10-01', 30, 0, 0, 30, 30),
	(1784, 149, '2020-11-01', 31, 0, 0, 31, 31),
	(1785, 149, '2020-12-01', 30, 0, 0, 30, 29),
	(1786, 150, '2020-01-01', 7, 0, 0, 7, 685),
	(1787, 150, '2020-02-01', 7, 0, 0, 7, 682),
	(1788, 150, '2020-03-01', 7, 0, 0, 7, 720),
	(1789, 150, '2020-04-01', 7, 0, 0, 7, 692),
	(1790, 150, '2020-05-01', 7, 0, 0, 7, 737),
	(1791, 150, '2020-06-01', 7, 0, 0, 7, 686),
	(1792, 150, '2020-07-01', 7, 0, 0, 7, 697),
	(1793, 150, '2020-08-01', 6, 0, 0, 6, 663),
	(1794, 150, '2020-09-01', 6, 0, 0, 6, 646),
	(1795, 150, '2020-10-01', 6, 0, 0, 6, 658),
	(1796, 150, '2020-11-01', 6, 0, 0, 6, 672),
	(1797, 150, '2020-12-01', 6, 0, 0, 6, 639),
	(1798, 151, '2020-01-01', 13, 0, 0, 13, 0),
	(1799, 151, '2020-02-01', 9, 0, 0, 9, 0),
	(1800, 151, '2020-03-01', 15, 0, 0, 15, 0),
	(1801, 151, '2020-04-01', 12, 0, 0, 12, 0),
	(1802, 151, '2020-05-01', 11, 0, 0, 11, 0),
	(1803, 151, '2020-06-01', 8, 0, 0, 8, 0),
	(1804, 151, '2020-07-01', 8, 0, 0, 8, 0),
	(1805, 151, '2020-08-01', 5, 0, 0, 5, 0),
	(1806, 151, '2020-09-01', 21, 0, 0, 21, 0),
	(1807, 151, '2020-10-01', 10, 0, 0, 10, 0),
	(1808, 151, '2020-11-01', 18, 0, 0, 18, 0),
	(1809, 151, '2020-12-01', 10, 0, 0, 10, 0),
	(1810, 152, '2020-01-01', 0, 0, 0, 0, 0),
	(1811, 152, '2020-02-01', 0, 0, 0, 0, 0),
	(1812, 152, '2020-03-01', 0, 0, 0, 0, 0),
	(1813, 152, '2020-04-01', 0, 0, 0, 0, 0),
	(1814, 152, '2020-05-01', 0, 0, 0, 0, 0),
	(1815, 152, '2020-06-01', 0, 0, 0, 0, 0),
	(1816, 152, '2020-07-01', 0, 0, 0, 0, 0),
	(1817, 152, '2020-08-01', 0, 0, 0, 0, 0),
	(1818, 152, '2020-09-01', 0, 0, 0, 0, 0),
	(1819, 152, '2020-10-01', 0, 0, 0, 0, 0),
	(1820, 152, '2020-11-01', 0, 0, 0, 0, 0),
	(1821, 152, '2020-12-01', 0, 0, 0, 0, 0),
	(1822, 153, '2020-01-01', 0, 0, 0, 0, 0),
	(1823, 153, '2020-02-01', 0, 0, 0, 0, 0),
	(1824, 153, '2020-03-01', 0, 0, 0, 0, 0),
	(1825, 153, '2020-04-01', 0, 0, 0, 0, 0),
	(1826, 153, '2020-05-01', 0, 0, 0, 0, 0),
	(1827, 153, '2020-06-01', 0, 0, 0, 0, 0),
	(1828, 153, '2020-07-01', 0, 0, 0, 0, 0),
	(1829, 153, '2020-08-01', 0, 0, 0, 0, 0),
	(1830, 153, '2020-09-01', 0, 0, 0, 0, 0),
	(1831, 153, '2020-10-01', 0, 0, 0, 0, 0),
	(1832, 153, '2020-11-01', 0, 0, 0, 0, 0),
	(1833, 153, '2020-12-01', 0, 0, 0, 0, 0),
	(1834, 154, '2020-01-01', 0, 0, 0, 0, 0),
	(1835, 154, '2020-02-01', 0, 0, 0, 0, 0),
	(1836, 154, '2020-03-01', 0, 0, 0, 0, 0),
	(1837, 154, '2020-04-01', 0, 0, 0, 0, 0),
	(1838, 154, '2020-05-01', 0, 0, 0, 0, 0),
	(1839, 154, '2020-06-01', 0, 0, 0, 0, 0),
	(1840, 154, '2020-07-01', 0, 0, 0, 0, 0),
	(1841, 154, '2020-08-01', 0, 0, 0, 0, 0),
	(1842, 154, '2020-09-01', 0, 0, 0, 0, 0),
	(1843, 154, '2020-10-01', 0, 0, 0, 0, 0),
	(1844, 154, '2020-11-01', 0, 0, 0, 0, 0),
	(1845, 154, '2020-12-01', 0, 0, 0, 0, 0),
	(1846, 155, '2020-01-01', 4, 0, 0, 4, 6),
	(1847, 155, '2020-02-01', 4, 0, 0, 4, 6),
	(1848, 155, '2020-03-01', 5, 0, 0, 5, 7),
	(1849, 155, '2020-04-01', 4, 0, 0, 4, 6),
	(1850, 155, '2020-05-01', 5, 0, 0, 5, 7),
	(1851, 155, '2020-06-01', 4, 0, 0, 4, 6),
	(1852, 155, '2020-07-01', 5, 0, 0, 5, 6),
	(1853, 155, '2020-08-01', 4, 0, 0, 4, 6),
	(1854, 155, '2020-09-01', 4, 0, 0, 4, 6),
	(1855, 155, '2020-10-01', 4, 0, 0, 4, 6),
	(1856, 155, '2020-11-01', 4, 0, 0, 4, 6),
	(1857, 155, '2020-12-01', 4, 0, 0, 4, 6),
	(1858, 156, '2020-01-01', 42, 0, 0, 42, 40),
	(1859, 156, '2020-02-01', 42, 0, 0, 42, 40),
	(1860, 156, '2020-03-01', 44, 0, 0, 44, 42),
	(1861, 156, '2020-04-01', 42, 0, 0, 42, 41),
	(1862, 156, '2020-05-01', 45, 0, 0, 45, 43),
	(1863, 156, '2020-06-01', 42, 0, 0, 42, 40),
	(1864, 156, '2020-07-01', 42, 0, 0, 42, 41),
	(1865, 156, '2020-08-01', 40, 0, 0, 40, 39),
	(1866, 156, '2020-09-01', 39, 0, 0, 39, 38),
	(1867, 156, '2020-10-01', 40, 0, 0, 40, 39),
	(1868, 156, '2020-11-01', 41, 0, 0, 41, 40),
	(1869, 156, '2020-12-01', 39, 0, 0, 39, 38),
	(1870, 157, '2020-01-01', 23, 0, 0, 23, 0),
	(1871, 157, '2020-02-01', 17, 0, 0, 17, 0),
	(1872, 157, '2020-03-01', 28, 0, 0, 28, 0),
	(1873, 157, '2020-04-01', 21, 0, 0, 21, 0),
	(1874, 157, '2020-05-01', 19, 0, 0, 19, 0),
	(1875, 157, '2020-06-01', 14, 0, 0, 14, 0),
	(1876, 157, '2020-07-01', 15, 0, 0, 15, 0),
	(1877, 157, '2020-08-01', 9, 0, 0, 9, 0),
	(1878, 157, '2020-09-01', 38, 0, 0, 38, 0),
	(1879, 157, '2020-10-01', 18, 0, 0, 18, 0),
	(1880, 157, '2020-11-01', 33, 0, 0, 33, 0),
	(1881, 157, '2020-12-01', 18, 0, 0, 18, 0),
	(1882, 158, '2020-01-01', 61, 0, 0, 61, 5611),
	(1883, 158, '2020-02-01', 61, 0, 0, 61, 5584),
	(1884, 158, '2020-03-01', 64, 0, 0, 65, 5902),
	(1885, 158, '2020-04-01', 62, 0, 0, 62, 5673),
	(1886, 158, '2020-05-01', 66, 0, 0, 66, 6037),
	(1887, 158, '2020-06-01', 61, 0, 0, 62, 5617),
	(1888, 158, '2020-07-01', 62, 0, 0, 63, 5711),
	(1889, 158, '2020-08-01', 59, 0, 0, 59, 5429),
	(1890, 158, '2020-09-01', 58, 0, 0, 58, 5289),
	(1891, 158, '2020-10-01', 59, 0, 0, 59, 5389),
	(1892, 158, '2020-11-01', 60, 0, 0, 60, 5503),
	(1893, 158, '2020-12-01', 57, 0, 0, 57, 5234),
	(1894, 159, '2020-01-01', 6, 0, 0, 6, 529),
	(1895, 159, '2020-02-01', 6, 0, 0, 6, 520),
	(1896, 159, '2020-03-01', 6, 0, 0, 6, 553),
	(1897, 159, '2020-04-01', 6, 0, 0, 6, 527),
	(1898, 159, '2020-05-01', 6, 0, 0, 6, 566),
	(1899, 159, '2020-06-01', 6, 0, 0, 6, 522),
	(1900, 159, '2020-07-01', 6, 0, 0, 6, 530),
	(1901, 159, '2020-08-01', 6, 0, 0, 6, 509),
	(1902, 159, '2020-09-01', 5, 0, 0, 5, 496),
	(1903, 159, '2020-10-01', 6, 0, 0, 6, 505),
	(1904, 159, '2020-11-01', 6, 0, 0, 6, 516),
	(1905, 159, '2020-12-01', 5, 0, 0, 5, 492),
	(1906, 160, '2020-01-01', 2, 0, 0, 3, 180),
	(1907, 160, '2020-02-01', 2, 0, 0, 2, 179),
	(1908, 160, '2020-03-01', 3, 0, 0, 3, 189),
	(1909, 160, '2020-04-01', 2, 0, 0, 3, 182),
	(1910, 160, '2020-05-01', 3, 0, 0, 3, 194),
	(1911, 160, '2020-06-01', 2, 0, 0, 3, 180),
	(1912, 160, '2020-07-01', 2, 0, 0, 3, 183),
	(1913, 160, '2020-08-01', 2, 0, 0, 2, 174),
	(1914, 160, '2020-09-01', 2, 0, 0, 2, 170),
	(1915, 160, '2020-10-01', 2, 0, 0, 2, 173),
	(1916, 160, '2020-11-01', 2, 0, 0, 2, 176),
	(1917, 160, '2020-12-01', 2, 0, 0, 2, 168),
	(1918, 161, '2020-01-01', 6, 0, 0, 6, 8),
	(1919, 161, '2020-02-01', 6, 0, 0, 6, 8),
	(1920, 161, '2020-03-01', 7, 0, 0, 7, 9),
	(1921, 161, '2020-04-01', 7, 0, 0, 7, 8),
	(1922, 161, '2020-05-01', 7, 0, 0, 7, 9),
	(1923, 161, '2020-06-01', 6, 0, 0, 6, 8),
	(1924, 161, '2020-07-01', 7, 0, 0, 7, 9),
	(1925, 161, '2020-08-01', 6, 0, 0, 6, 8),
	(1926, 161, '2020-09-01', 6, 0, 0, 6, 8),
	(1927, 161, '2020-10-01', 6, 0, 0, 6, 8),
	(1928, 161, '2020-11-01', 6, 0, 0, 6, 8),
	(1929, 161, '2020-12-01', 6, 0, 0, 6, 8),
	(1930, 162, '2020-01-01', 21, 0, 0, 21, 21),
	(1931, 162, '2020-02-01', 21, 0, 0, 21, 21),
	(1932, 162, '2020-03-01', 22, 0, 0, 22, 22),
	(1933, 162, '2020-04-01', 21, 0, 0, 21, 21),
	(1934, 162, '2020-05-01', 22, 0, 0, 22, 23),
	(1935, 162, '2020-06-01', 21, 0, 0, 21, 21),
	(1936, 162, '2020-07-01', 21, 0, 0, 21, 21),
	(1937, 162, '2020-08-01', 20, 0, 0, 20, 20),
	(1938, 162, '2020-09-01', 20, 0, 0, 20, 20),
	(1939, 162, '2020-10-01', 20, 0, 0, 20, 20),
	(1940, 162, '2020-11-01', 20, 0, 0, 20, 21),
	(1941, 162, '2020-12-01', 19, 0, 0, 19, 20),
	(1942, 163, '2020-01-01', 3, 0, 0, 3, 246),
	(1943, 163, '2020-02-01', 3, 0, 0, 3, 244),
	(1944, 163, '2020-03-01', 3, 0, 0, 3, 258),
	(1945, 163, '2020-04-01', 3, 0, 0, 3, 248),
	(1946, 163, '2020-05-01', 3, 0, 0, 3, 264),
	(1947, 163, '2020-06-01', 3, 0, 0, 3, 246),
	(1948, 163, '2020-07-01', 3, 0, 0, 3, 250),
	(1949, 163, '2020-08-01', 3, 0, 0, 3, 238),
	(1950, 163, '2020-09-01', 3, 0, 0, 3, 231),
	(1951, 163, '2020-10-01', 3, 0, 0, 3, 236),
	(1952, 163, '2020-11-01', 3, 0, 0, 3, 241),
	(1953, 163, '2020-12-01', 3, 0, 0, 3, 229),
	(1954, 164, '2020-01-01', 3, 0, 0, 3, 0),
	(1955, 164, '2020-02-01', 3, 0, 0, 3, 0),
	(1956, 164, '2020-03-01', 4, 0, 0, 4, 0),
	(1957, 164, '2020-04-01', 3, 0, 0, 3, 0),
	(1958, 164, '2020-05-01', 3, 0, 0, 3, 0),
	(1959, 164, '2020-06-01', 2, 0, 0, 2, 0),
	(1960, 164, '2020-07-01', 2, 0, 0, 2, 0),
	(1961, 164, '2020-08-01', 1, 0, 0, 1, 0),
	(1962, 164, '2020-09-01', 5, 0, 0, 5, 0),
	(1963, 164, '2020-10-01', 3, 0, 0, 3, 0),
	(1964, 164, '2020-11-01', 5, 0, 0, 5, 0),
	(1965, 164, '2020-12-01', 3, 0, 0, 3, 0),
	(1966, 165, '2020-01-01', 41, 0, 1, 42, 3551),
	(1967, 165, '2020-02-01', 41, 0, 1, 41, 3534),
	(1968, 165, '2020-03-01', 43, 0, 1, 44, 3736),
	(1969, 165, '2020-04-01', 41, 0, 1, 42, 3590),
	(1970, 165, '2020-05-01', 44, 0, 1, 45, 3821),
	(1971, 165, '2020-06-01', 41, 0, 1, 42, 3555),
	(1972, 165, '2020-07-01', 41, 0, 1, 42, 3615),
	(1973, 165, '2020-08-01', 39, 0, 1, 40, 3436),
	(1974, 165, '2020-09-01', 38, 0, 1, 39, 3347),
	(1975, 165, '2020-10-01', 39, 0, 1, 40, 3411),
	(1976, 165, '2020-11-01', 40, 0, 1, 41, 3483),
	(1977, 165, '2020-12-01', 38, 0, 1, 39, 3312),
	(1978, 166, '2020-01-01', 6, 0, 0, 6, 431),
	(1979, 166, '2020-02-01', 6, 0, 0, 6, 424),
	(1980, 166, '2020-03-01', 6, 0, 0, 6, 451),
	(1981, 166, '2020-04-01', 6, 0, 0, 6, 430),
	(1982, 166, '2020-05-01', 6, 0, 0, 7, 461),
	(1983, 166, '2020-06-01', 6, 0, 0, 6, 426),
	(1984, 166, '2020-07-01', 6, 0, 0, 6, 432),
	(1985, 166, '2020-08-01', 6, 0, 0, 6, 415),
	(1986, 166, '2020-09-01', 6, 0, 0, 6, 404),
	(1987, 166, '2020-10-01', 6, 0, 0, 6, 412),
	(1988, 166, '2020-11-01', 6, 0, 0, 6, 420),
	(1989, 166, '2020-12-01', 6, 0, 0, 6, 401),
	(1990, 167, '2020-01-01', 2, 0, 0, 2, 133),
	(1991, 167, '2020-02-01', 2, 0, 0, 2, 133),
	(1992, 167, '2020-03-01', 2, 0, 0, 2, 140),
	(1993, 167, '2020-04-01', 2, 0, 0, 2, 135),
	(1994, 167, '2020-05-01', 2, 0, 0, 2, 143),
	(1995, 167, '2020-06-01', 2, 0, 0, 2, 134),
	(1996, 167, '2020-07-01', 2, 0, 0, 2, 136),
	(1997, 167, '2020-08-01', 2, 0, 0, 2, 129),
	(1998, 167, '2020-09-01', 2, 0, 0, 2, 126),
	(1999, 167, '2020-10-01', 2, 0, 0, 2, 128),
	(2000, 167, '2020-11-01', 2, 0, 0, 2, 131),
	(2001, 167, '2020-12-01', 2, 0, 0, 2, 124),
	(2002, 168, '2020-01-01', 7, 0, 0, 7, 8),
	(2003, 168, '2020-02-01', 7, 0, 0, 7, 8),
	(2004, 168, '2020-03-01', 7, 0, 0, 7, 8),
	(2005, 168, '2020-04-01', 7, 0, 0, 7, 8),
	(2006, 168, '2020-05-01', 7, 0, 0, 7, 9),
	(2007, 168, '2020-06-01', 7, 0, 0, 7, 8),
	(2008, 168, '2020-07-01', 7, 0, 0, 7, 8),
	(2009, 168, '2020-08-01', 6, 0, 0, 6, 8),
	(2010, 168, '2020-09-01', 6, 0, 0, 6, 8),
	(2011, 168, '2020-10-01', 6, 0, 0, 6, 8),
	(2012, 168, '2020-11-01', 6, 0, 0, 6, 8),
	(2013, 168, '2020-12-01', 6, 0, 0, 6, 8),
	(2014, 169, '2020-01-01', 4, 0, 0, 4, 4),
	(2015, 169, '2020-02-01', 4, 0, 0, 4, 4),
	(2016, 169, '2020-03-01', 4, 0, 0, 4, 4),
	(2017, 169, '2020-04-01', 4, 0, 0, 4, 4),
	(2018, 169, '2020-05-01', 4, 0, 0, 4, 4),
	(2019, 169, '2020-06-01', 4, 0, 0, 4, 4),
	(2020, 169, '2020-07-01', 4, 0, 0, 4, 4),
	(2021, 169, '2020-08-01', 4, 0, 0, 4, 4),
	(2022, 169, '2020-09-01', 4, 0, 0, 4, 4),
	(2023, 169, '2020-10-01', 4, 0, 0, 4, 4),
	(2024, 169, '2020-11-01', 4, 0, 0, 4, 4),
	(2025, 169, '2020-12-01', 4, 0, 0, 4, 4),
	(2026, 170, '2020-01-01', 3, 0, 0, 3, 255),
	(2027, 170, '2020-02-01', 3, 0, 0, 3, 254),
	(2028, 170, '2020-03-01', 3, 0, 0, 3, 268),
	(2029, 170, '2020-04-01', 3, 0, 0, 3, 258),
	(2030, 170, '2020-05-01', 3, 0, 0, 3, 274),
	(2031, 170, '2020-06-01', 3, 0, 0, 3, 255),
	(2032, 170, '2020-07-01', 3, 0, 0, 3, 260),
	(2033, 170, '2020-08-01', 3, 0, 0, 3, 247),
	(2034, 170, '2020-09-01', 3, 0, 0, 3, 240),
	(2035, 170, '2020-10-01', 3, 0, 0, 3, 245),
	(2036, 170, '2020-11-01', 3, 0, 0, 3, 250),
	(2037, 170, '2020-12-01', 3, 0, 0, 3, 238),
	(2038, 171, '2020-01-01', 4, 0, 0, 4, 0),
	(2039, 171, '2020-02-01', 3, 0, 0, 3, 0),
	(2040, 171, '2020-03-01', 5, 0, 0, 5, 0),
	(2041, 171, '2020-04-01', 4, 0, 0, 4, 0),
	(2042, 171, '2020-05-01', 3, 0, 0, 3, 0),
	(2043, 171, '2020-06-01', 3, 0, 0, 3, 0),
	(2044, 171, '2020-07-01', 3, 0, 0, 3, 0),
	(2045, 171, '2020-08-01', 2, 0, 0, 2, 0),
	(2046, 171, '2020-09-01', 7, 0, 0, 7, 0),
	(2047, 171, '2020-10-01', 3, 0, 0, 3, 0),
	(2048, 171, '2020-11-01', 6, 0, 0, 6, 0),
	(2049, 171, '2020-12-01', 3, 0, 0, 3, 0),
	(2050, 172, '2020-01-01', 107, 0, 2, 109, 9112),
	(2051, 172, '2020-02-01', 106, 0, 2, 109, 9068),
	(2052, 172, '2020-03-01', 112, 0, 2, 115, 9585),
	(2053, 172, '2020-04-01', 108, 0, 2, 110, 9212),
	(2054, 172, '2020-05-01', 115, 0, 2, 117, 9804),
	(2055, 172, '2020-06-01', 107, 0, 2, 109, 9122),
	(2056, 172, '2020-07-01', 109, 0, 2, 111, 9275),
	(2057, 172, '2020-08-01', 103, 0, 2, 106, 8816),
	(2058, 172, '2020-09-01', 100, 0, 2, 103, 8589),
	(2059, 172, '2020-10-01', 102, 0, 2, 105, 8752),
	(2060, 172, '2020-11-01', 105, 0, 2, 107, 8937),
	(2061, 172, '2020-12-01', 99, 0, 2, 102, 8499),
	(2062, 173, '2020-01-01', 12, 0, 0, 12, 831),
	(2063, 173, '2020-02-01', 12, 0, 0, 12, 818),
	(2064, 173, '2020-03-01', 12, 0, 0, 12, 870),
	(2065, 173, '2020-04-01', 12, 0, 0, 12, 829),
	(2066, 173, '2020-05-01', 13, 0, 0, 13, 890),
	(2067, 173, '2020-06-01', 12, 0, 0, 12, 821),
	(2068, 173, '2020-07-01', 12, 0, 0, 12, 833),
	(2069, 173, '2020-08-01', 11, 0, 0, 11, 801),
	(2070, 173, '2020-09-01', 11, 0, 0, 11, 780),
	(2071, 173, '2020-10-01', 11, 0, 0, 11, 795),
	(2072, 173, '2020-11-01', 12, 0, 0, 12, 811),
	(2073, 173, '2020-12-01', 11, 0, 0, 11, 773),
	(2074, 174, '2020-01-01', 4, 0, 0, 4, 345),
	(2075, 174, '2020-02-01', 4, 0, 0, 4, 343),
	(2076, 174, '2020-03-01', 4, 0, 0, 5, 363),
	(2077, 174, '2020-04-01', 4, 0, 0, 4, 349),
	(2078, 174, '2020-05-01', 5, 0, 0, 5, 371),
	(2079, 174, '2020-06-01', 4, 0, 0, 4, 345),
	(2080, 174, '2020-07-01', 4, 0, 0, 4, 351),
	(2081, 174, '2020-08-01', 4, 0, 0, 4, 334),
	(2082, 174, '2020-09-01', 4, 0, 0, 4, 325),
	(2083, 174, '2020-10-01', 4, 0, 0, 4, 331),
	(2084, 174, '2020-11-01', 4, 0, 0, 4, 338),
	(2085, 174, '2020-12-01', 4, 0, 0, 4, 322),
	(2086, 175, '2020-01-01', 11, 0, 0, 11, 12),
	(2087, 175, '2020-02-01', 11, 0, 0, 11, 12),
	(2088, 175, '2020-03-01', 12, 0, 0, 12, 13),
	(2089, 175, '2020-04-01', 11, 0, 0, 11, 12),
	(2090, 175, '2020-05-01', 12, 0, 0, 12, 13),
	(2091, 175, '2020-06-01', 11, 0, 0, 11, 12),
	(2092, 175, '2020-07-01', 11, 0, 0, 11, 13),
	(2093, 175, '2020-08-01', 11, 0, 0, 11, 12),
	(2094, 175, '2020-09-01', 10, 0, 0, 10, 12),
	(2095, 175, '2020-10-01', 11, 0, 0, 11, 12),
	(2096, 175, '2020-11-01', 11, 0, 0, 11, 12),
	(2097, 175, '2020-12-01', 10, 0, 0, 10, 12),
	(2098, 176, '2020-01-01', 27, 0, 0, 27, 27),
	(2099, 176, '2020-02-01', 27, 0, 0, 27, 27),
	(2100, 176, '2020-03-01', 29, 0, 0, 29, 28),
	(2101, 176, '2020-04-01', 27, 0, 0, 27, 27),
	(2102, 176, '2020-05-01', 29, 0, 0, 29, 29),
	(2103, 176, '2020-06-01', 27, 0, 0, 27, 27),
	(2104, 176, '2020-07-01', 28, 0, 0, 28, 27),
	(2105, 176, '2020-08-01', 26, 0, 0, 26, 26),
	(2106, 176, '2020-09-01', 26, 0, 0, 26, 25),
	(2107, 176, '2020-10-01', 26, 0, 0, 26, 26),
	(2108, 176, '2020-11-01', 27, 0, 0, 27, 26),
	(2109, 176, '2020-12-01', 25, 0, 0, 25, 25),
	(2110, 177, '2020-01-01', 10, 0, 0, 10, 915),
	(2111, 177, '2020-02-01', 10, 0, 0, 10, 911),
	(2112, 177, '2020-03-01', 10, 0, 0, 10, 963),
	(2113, 177, '2020-04-01', 10, 0, 0, 10, 926),
	(2114, 177, '2020-05-01', 11, 0, 0, 11, 985),
	(2115, 177, '2020-06-01', 10, 0, 0, 10, 917),
	(2116, 177, '2020-07-01', 10, 0, 0, 10, 932),
	(2117, 177, '2020-08-01', 9, 0, 0, 9, 886),
	(2118, 177, '2020-09-01', 9, 0, 0, 9, 863),
	(2119, 177, '2020-10-01', 9, 0, 0, 9, 879),
	(2120, 177, '2020-11-01', 10, 0, 0, 10, 898),
	(2121, 177, '2020-12-01', 9, 0, 0, 9, 854),
	(2122, 178, '2020-01-01', 14, 0, 0, 14, 0),
	(2123, 178, '2020-02-01', 10, 0, 0, 10, 0),
	(2124, 178, '2020-03-01', 17, 0, 0, 17, 0),
	(2125, 178, '2020-04-01', 13, 0, 0, 13, 0),
	(2126, 178, '2020-05-01', 12, 0, 0, 12, 0),
	(2127, 178, '2020-06-01', 9, 0, 0, 9, 0),
	(2128, 178, '2020-07-01', 9, 0, 0, 9, 0),
	(2129, 178, '2020-08-01', 5, 0, 0, 5, 0),
	(2130, 178, '2020-09-01', 23, 0, 0, 23, 0),
	(2131, 178, '2020-10-01', 11, 0, 0, 11, 0),
	(2132, 178, '2020-11-01', 20, 0, 0, 20, 0),
	(2133, 178, '2020-12-01', 11, 0, 0, 11, 0),
	(2134, 179, '2020-01-01', 84, 0, 3, 87, 7687),
	(2135, 179, '2020-02-01', 84, 0, 3, 87, 7651),
	(2136, 179, '2020-03-01', 89, 0, 3, 92, 8087),
	(2137, 179, '2020-04-01', 85, 0, 3, 88, 7773),
	(2138, 179, '2020-05-01', 91, 0, 3, 94, 8271),
	(2139, 179, '2020-06-01', 84, 0, 3, 87, 7696),
	(2140, 179, '2020-07-01', 86, 0, 3, 89, 7825),
	(2141, 179, '2020-08-01', 81, 0, 3, 84, 7438),
	(2142, 179, '2020-09-01', 79, 0, 3, 82, 7246),
	(2143, 179, '2020-10-01', 81, 0, 3, 84, 7384),
	(2144, 179, '2020-11-01', 83, 0, 3, 86, 7540),
	(2145, 179, '2020-12-01', 79, 0, 3, 81, 7171),
	(2146, 180, '2020-01-01', 17, 0, 1, 18, 1719),
	(2147, 180, '2020-02-01', 17, 0, 1, 18, 1691),
	(2148, 180, '2020-03-01', 18, 0, 1, 19, 1800),
	(2149, 180, '2020-04-01', 17, 0, 1, 18, 1714),
	(2150, 180, '2020-05-01', 19, 0, 1, 19, 1840),
	(2151, 180, '2020-06-01', 17, 0, 1, 18, 1699),
	(2152, 180, '2020-07-01', 17, 0, 1, 18, 1723),
	(2153, 180, '2020-08-01', 17, 0, 1, 17, 1656),
	(2154, 180, '2020-09-01', 16, 0, 1, 17, 1612),
	(2155, 180, '2020-10-01', 17, 0, 1, 17, 1644),
	(2156, 180, '2020-11-01', 17, 0, 1, 18, 1677),
	(2157, 180, '2020-12-01', 16, 0, 1, 17, 1600),
	(2158, 181, '2020-01-01', 3, 0, 0, 3, 316),
	(2159, 181, '2020-02-01', 3, 0, 0, 3, 315),
	(2160, 181, '2020-03-01', 4, 0, 0, 4, 332),
	(2161, 181, '2020-04-01', 3, 0, 0, 3, 320),
	(2162, 181, '2020-05-01', 4, 0, 0, 4, 340),
	(2163, 181, '2020-06-01', 3, 0, 0, 3, 316),
	(2164, 181, '2020-07-01', 3, 0, 0, 4, 322),
	(2165, 181, '2020-08-01', 3, 0, 0, 3, 306),
	(2166, 181, '2020-09-01', 3, 0, 0, 3, 298),
	(2167, 181, '2020-10-01', 3, 0, 0, 3, 304),
	(2168, 181, '2020-11-01', 3, 0, 0, 3, 310),
	(2169, 181, '2020-12-01', 3, 0, 0, 3, 295),
	(2170, 182, '2020-01-01', 13, 0, 0, 13, 17),
	(2171, 182, '2020-02-01', 13, 0, 0, 13, 17),
	(2172, 182, '2020-03-01', 14, 0, 0, 14, 18),
	(2173, 182, '2020-04-01', 13, 0, 0, 13, 17),
	(2174, 182, '2020-05-01', 14, 0, 0, 14, 18),
	(2175, 182, '2020-06-01', 13, 0, 0, 13, 17),
	(2176, 182, '2020-07-01', 14, 0, 0, 14, 17),
	(2177, 182, '2020-08-01', 13, 0, 0, 13, 16),
	(2178, 182, '2020-09-01', 13, 0, 0, 13, 16),
	(2179, 182, '2020-10-01', 13, 0, 0, 13, 16),
	(2180, 182, '2020-11-01', 13, 0, 0, 13, 17),
	(2181, 182, '2020-12-01', 12, 0, 0, 12, 16),
	(2182, 183, '2020-01-01', 17, 0, 0, 17, 16),
	(2183, 183, '2020-02-01', 16, 0, 0, 16, 16),
	(2184, 183, '2020-03-01', 17, 0, 0, 17, 17),
	(2185, 183, '2020-04-01', 17, 0, 0, 17, 16),
	(2186, 183, '2020-05-01', 18, 0, 0, 18, 17),
	(2187, 183, '2020-06-01', 17, 0, 0, 17, 16),
	(2188, 183, '2020-07-01', 17, 0, 0, 17, 16),
	(2189, 183, '2020-08-01', 16, 0, 0, 16, 16),
	(2190, 183, '2020-09-01', 16, 0, 0, 16, 15),
	(2191, 183, '2020-10-01', 16, 0, 0, 16, 16),
	(2192, 183, '2020-11-01', 16, 0, 0, 16, 16),
	(2193, 183, '2020-12-01', 15, 0, 0, 15, 15),
	(2194, 184, '2020-01-01', 6, 0, 0, 6, 562),
	(2195, 184, '2020-02-01', 6, 0, 0, 6, 560),
	(2196, 184, '2020-03-01', 6, 0, 0, 6, 592),
	(2197, 184, '2020-04-01', 6, 0, 0, 6, 569),
	(2198, 184, '2020-05-01', 7, 0, 0, 7, 605),
	(2199, 184, '2020-06-01', 6, 0, 0, 6, 563),
	(2200, 184, '2020-07-01', 6, 0, 0, 6, 573),
	(2201, 184, '2020-08-01', 6, 0, 0, 6, 544),
	(2202, 184, '2020-09-01', 6, 0, 0, 6, 530),
	(2203, 184, '2020-10-01', 6, 0, 0, 6, 540),
	(2204, 184, '2020-11-01', 6, 0, 0, 6, 552),
	(2205, 184, '2020-12-01', 6, 0, 0, 6, 525),
	(2206, 185, '2020-01-01', 8, 0, 0, 8, 0),
	(2207, 185, '2020-02-01', 6, 0, 0, 6, 0),
	(2208, 185, '2020-03-01', 10, 0, 0, 10, 0),
	(2209, 185, '2020-04-01', 8, 0, 0, 8, 0),
	(2210, 185, '2020-05-01', 7, 0, 0, 7, 0),
	(2211, 185, '2020-06-01', 5, 0, 0, 5, 0),
	(2212, 185, '2020-07-01', 5, 0, 0, 5, 0),
	(2213, 185, '2020-08-01', 3, 0, 0, 3, 0),
	(2214, 185, '2020-09-01', 14, 0, 0, 14, 0),
	(2215, 185, '2020-10-01', 6, 0, 0, 6, 0),
	(2216, 185, '2020-11-01', 12, 0, 0, 12, 0),
	(2217, 185, '2020-12-01', 6, 0, 0, 6, 0),
	(2218, 186, '2020-01-01', 77, 0, 2, 78, 6911),
	(2219, 186, '2020-02-01', 76, 0, 2, 78, 6878),
	(2220, 186, '2020-03-01', 81, 0, 2, 82, 7271),
	(2221, 186, '2020-04-01', 78, 0, 2, 79, 6988),
	(2222, 186, '2020-05-01', 83, 0, 2, 84, 7436),
	(2223, 186, '2020-06-01', 77, 0, 2, 78, 6919),
	(2224, 186, '2020-07-01', 78, 0, 2, 80, 7035),
	(2225, 186, '2020-08-01', 74, 0, 2, 76, 6687),
	(2226, 186, '2020-09-01', 72, 0, 1, 74, 6515),
	(2227, 186, '2020-10-01', 74, 0, 2, 75, 6638),
	(2228, 186, '2020-11-01', 75, 0, 2, 77, 6779),
	(2229, 186, '2020-12-01', 72, 0, 1, 73, 6447),
	(2230, 187, '2020-01-01', 9, 0, 0, 9, 620),
	(2231, 187, '2020-02-01', 9, 0, 0, 9, 610),
	(2232, 187, '2020-03-01', 9, 0, 0, 9, 649),
	(2233, 187, '2020-04-01', 9, 0, 0, 9, 618),
	(2234, 187, '2020-05-01', 9, 0, 0, 10, 663),
	(2235, 187, '2020-06-01', 9, 0, 0, 9, 612),
	(2236, 187, '2020-07-01', 9, 0, 0, 9, 621),
	(2237, 187, '2020-08-01', 8, 0, 0, 9, 597),
	(2238, 187, '2020-09-01', 8, 0, 0, 8, 581),
	(2239, 187, '2020-10-01', 8, 0, 0, 9, 593),
	(2240, 187, '2020-11-01', 8, 0, 0, 9, 605),
	(2241, 187, '2020-12-01', 8, 0, 0, 8, 577),
	(2242, 188, '2020-01-01', 3, 0, 0, 3, 276),
	(2243, 188, '2020-02-01', 3, 0, 0, 3, 275),
	(2244, 188, '2020-03-01', 3, 0, 0, 3, 291),
	(2245, 188, '2020-04-01', 3, 0, 0, 3, 279),
	(2246, 188, '2020-05-01', 3, 0, 0, 3, 297),
	(2247, 188, '2020-06-01', 3, 0, 0, 3, 277),
	(2248, 188, '2020-07-01', 3, 0, 0, 3, 281),
	(2249, 188, '2020-08-01', 3, 0, 0, 3, 267),
	(2250, 188, '2020-09-01', 3, 0, 0, 3, 261),
	(2251, 188, '2020-10-01', 3, 0, 0, 3, 266),
	(2252, 188, '2020-11-01', 3, 0, 0, 3, 271),
	(2253, 188, '2020-12-01', 3, 0, 0, 3, 258),
	(2254, 189, '2020-01-01', 4, 0, 0, 4, 6),
	(2255, 189, '2020-02-01', 4, 0, 0, 4, 6),
	(2256, 189, '2020-03-01', 4, 0, 0, 4, 6),
	(2257, 189, '2020-04-01', 4, 0, 0, 4, 6),
	(2258, 189, '2020-05-01', 4, 0, 0, 4, 6),
	(2259, 189, '2020-06-01', 4, 0, 0, 4, 6),
	(2260, 189, '2020-07-01', 4, 0, 0, 4, 6),
	(2261, 189, '2020-08-01', 4, 0, 0, 4, 5),
	(2262, 189, '2020-09-01', 4, 0, 0, 4, 5),
	(2263, 189, '2020-10-01', 4, 0, 0, 4, 5),
	(2264, 189, '2020-11-01', 4, 0, 0, 4, 5),
	(2265, 189, '2020-12-01', 4, 0, 0, 4, 5),
	(2266, 190, '2020-01-01', 14, 0, 0, 14, 13),
	(2267, 190, '2020-02-01', 14, 0, 0, 14, 13),
	(2268, 190, '2020-03-01', 14, 0, 0, 14, 14),
	(2269, 190, '2020-04-01', 14, 0, 0, 14, 14),
	(2270, 190, '2020-05-01', 15, 0, 0, 15, 15),
	(2271, 190, '2020-06-01', 14, 0, 0, 14, 13),
	(2272, 190, '2020-07-01', 14, 0, 0, 14, 14),
	(2273, 190, '2020-08-01', 13, 0, 0, 13, 13),
	(2274, 190, '2020-09-01', 13, 0, 0, 13, 13),
	(2275, 190, '2020-10-01', 13, 0, 0, 13, 13),
	(2276, 190, '2020-11-01', 13, 0, 0, 13, 13),
	(2277, 190, '2020-12-01', 13, 0, 0, 13, 13),
	(2278, 191, '2020-01-01', 3, 0, 0, 3, 240),
	(2279, 191, '2020-02-01', 3, 0, 0, 3, 239),
	(2280, 191, '2020-03-01', 3, 0, 0, 3, 252),
	(2281, 191, '2020-04-01', 3, 0, 0, 3, 243),
	(2282, 191, '2020-05-01', 3, 0, 0, 3, 258),
	(2283, 191, '2020-06-01', 3, 0, 0, 3, 240),
	(2284, 191, '2020-07-01', 3, 0, 0, 3, 244),
	(2285, 191, '2020-08-01', 2, 0, 0, 2, 232),
	(2286, 191, '2020-09-01', 2, 0, 0, 2, 226),
	(2287, 191, '2020-10-01', 2, 0, 0, 2, 230),
	(2288, 191, '2020-11-01', 2, 0, 0, 2, 235),
	(2289, 191, '2020-12-01', 2, 0, 0, 2, 224),
	(2290, 192, '2020-01-01', 10, 0, 0, 10, 0),
	(2291, 192, '2020-02-01', 7, 0, 0, 7, 0),
	(2292, 192, '2020-03-01', 11, 0, 0, 11, 0),
	(2293, 192, '2020-04-01', 9, 0, 0, 9, 0),
	(2294, 192, '2020-05-01', 8, 0, 0, 8, 0),
	(2295, 192, '2020-06-01', 6, 0, 0, 6, 0),
	(2296, 192, '2020-07-01', 6, 0, 0, 6, 0),
	(2297, 192, '2020-08-01', 4, 0, 0, 4, 0),
	(2298, 192, '2020-09-01', 16, 0, 0, 16, 0),
	(2299, 192, '2020-10-01', 7, 0, 0, 7, 0),
	(2300, 192, '2020-11-01', 14, 0, 0, 14, 0),
	(2301, 192, '2020-12-01', 7, 0, 0, 7, 0),
	(2302, 193, '2020-01-01', 108, 0, 8, 115, 9432),
	(2303, 193, '2020-02-01', 107, 0, 8, 115, 9387),
	(2304, 193, '2020-03-01', 113, 0, 8, 121, 9922),
	(2305, 193, '2020-04-01', 109, 0, 8, 117, 9536),
	(2306, 193, '2020-05-01', 116, 0, 8, 124, 10148),
	(2307, 193, '2020-06-01', 108, 0, 8, 116, 9442),
	(2308, 193, '2020-07-01', 110, 0, 8, 118, 9601),
	(2309, 193, '2020-08-01', 104, 0, 8, 112, 9126),
	(2310, 193, '2020-09-01', 101, 0, 7, 109, 8891),
	(2311, 193, '2020-10-01', 103, 0, 7, 111, 9060),
	(2312, 193, '2020-11-01', 106, 0, 8, 113, 9251),
	(2313, 193, '2020-12-01', 100, 0, 7, 108, 8798),
	(2314, 194, '2020-01-01', 6, 0, 0, 6, 467),
	(2315, 194, '2020-02-01', 6, 0, 0, 6, 459),
	(2316, 194, '2020-03-01', 6, 0, 0, 6, 488),
	(2317, 194, '2020-04-01', 6, 0, 0, 6, 465),
	(2318, 194, '2020-05-01', 6, 0, 0, 6, 500),
	(2319, 194, '2020-06-01', 6, 0, 0, 6, 461),
	(2320, 194, '2020-07-01', 6, 0, 0, 6, 468),
	(2321, 194, '2020-08-01', 5, 0, 0, 5, 450),
	(2322, 194, '2020-09-01', 5, 0, 0, 5, 438),
	(2323, 194, '2020-10-01', 5, 0, 0, 5, 446),
	(2324, 194, '2020-11-01', 5, 0, 0, 5, 455),
	(2325, 194, '2020-12-01', 5, 0, 0, 5, 434),
	(2326, 195, '2020-01-01', 4, 0, 0, 4, 343),
	(2327, 195, '2020-02-01', 4, 0, 0, 4, 342),
	(2328, 195, '2020-03-01', 5, 0, 0, 5, 361),
	(2329, 195, '2020-04-01', 4, 0, 0, 4, 347),
	(2330, 195, '2020-05-01', 5, 0, 0, 5, 370),
	(2331, 195, '2020-06-01', 4, 0, 0, 4, 344),
	(2332, 195, '2020-07-01', 4, 0, 0, 4, 350),
	(2333, 195, '2020-08-01', 4, 0, 0, 4, 332),
	(2334, 195, '2020-09-01', 4, 0, 0, 4, 324),
	(2335, 195, '2020-10-01', 4, 0, 0, 4, 330),
	(2336, 195, '2020-11-01', 4, 0, 0, 4, 337),
	(2337, 195, '2020-12-01', 4, 0, 0, 4, 320),
	(2338, 196, '2020-01-01', 11, 0, 0, 11, 15),
	(2339, 196, '2020-02-01', 11, 0, 0, 11, 15),
	(2340, 196, '2020-03-01', 12, 0, 0, 12, 15),
	(2341, 196, '2020-04-01', 11, 0, 0, 11, 15),
	(2342, 196, '2020-05-01', 12, 0, 0, 12, 16),
	(2343, 196, '2020-06-01', 11, 0, 0, 11, 15),
	(2344, 196, '2020-07-01', 11, 0, 0, 11, 15),
	(2345, 196, '2020-08-01', 11, 0, 0, 11, 14),
	(2346, 196, '2020-09-01', 11, 0, 0, 11, 14),
	(2347, 196, '2020-10-01', 11, 0, 0, 11, 14),
	(2348, 196, '2020-11-01', 11, 0, 0, 11, 14),
	(2349, 196, '2020-12-01', 11, 0, 0, 11, 14),
	(2350, 197, '2020-01-01', 63, 0, 0, 63, 62),
	(2351, 197, '2020-02-01', 63, 0, 0, 63, 62),
	(2352, 197, '2020-03-01', 66, 0, 0, 66, 65),
	(2353, 197, '2020-04-01', 64, 0, 0, 64, 63),
	(2354, 197, '2020-05-01', 68, 0, 0, 68, 67),
	(2355, 197, '2020-06-01', 63, 0, 0, 63, 62),
	(2356, 197, '2020-07-01', 64, 0, 0, 64, 63),
	(2357, 197, '2020-08-01', 61, 0, 0, 61, 60),
	(2358, 197, '2020-09-01', 59, 0, 0, 59, 59),
	(2359, 197, '2020-10-01', 61, 0, 0, 61, 60),
	(2360, 197, '2020-11-01', 62, 0, 0, 62, 61),
	(2361, 197, '2020-12-01', 59, 0, 0, 59, 58),
	(2362, 198, '2020-01-01', 5, 0, 0, 5, 0),
	(2363, 198, '2020-02-01', 4, 0, 0, 4, 0),
	(2364, 198, '2020-03-01', 6, 0, 0, 6, 0),
	(2365, 198, '2020-04-01', 5, 0, 0, 5, 0),
	(2366, 198, '2020-05-01', 4, 0, 0, 4, 0),
	(2367, 198, '2020-06-01', 3, 0, 0, 3, 0),
	(2368, 198, '2020-07-01', 3, 0, 0, 3, 0),
	(2369, 198, '2020-08-01', 2, 0, 0, 2, 0),
	(2370, 198, '2020-09-01', 9, 0, 0, 9, 0),
	(2371, 198, '2020-10-01', 4, 0, 0, 4, 0),
	(2372, 198, '2020-11-01', 8, 0, 0, 8, 0),
	(2373, 198, '2020-12-01', 4, 0, 0, 4, 0),
	(2374, 199, '2020-01-01', 4931, 425, 108, 5465, 304919),
	(2375, 199, '2020-02-01', 4908, 423, 108, 5438, 303455),
	(2376, 199, '2020-03-01', 5188, 447, 114, 5749, 320774),
	(2377, 199, '2020-04-01', 4986, 430, 109, 5525, 308294),
	(2378, 199, '2020-05-01', 5306, 457, 116, 5880, 328080),
	(2379, 199, '2020-06-01', 4937, 425, 108, 5470, 305254),
	(2380, 199, '2020-07-01', 4923, 433, 110, 5466, 304986),
	(2381, 199, '2020-08-01', 4772, 411, 105, 5287, 295035),
	(2382, 199, '2020-09-01', 4648, 401, 102, 5151, 287426),
	(2383, 199, '2020-10-01', 4737, 408, 104, 5249, 292886),
	(2384, 199, '2020-11-01', 4837, 417, 106, 5360, 299078),
	(2385, 199, '2020-12-01', 4600, 396, 101, 5097, 284433),
	(2386, 200, '2020-01-01', 571, 28, 13, 612, 35228),
	(2387, 200, '2020-02-01', 562, 28, 12, 602, 34653),
	(2388, 200, '2020-03-01', 597, 29, 13, 640, 36869),
	(2389, 200, '2020-04-01', 569, 28, 13, 610, 35120),
	(2390, 200, '2020-05-01', 611, 30, 14, 655, 37707),
	(2391, 200, '2020-06-01', 564, 28, 12, 604, 34812),
	(2392, 200, '2020-07-01', 572, 28, 13, 613, 35297),
	(2393, 200, '2020-08-01', 550, 27, 12, 589, 33934),
	(2394, 200, '2020-09-01', 535, 26, 12, 574, 33036),
	(2395, 200, '2020-10-01', 546, 27, 12, 585, 33682),
	(2396, 200, '2020-11-01', 557, 27, 12, 597, 34359),
	(2397, 200, '2020-12-01', 531, 26, 12, 569, 32778),
	(2398, 201, '2020-01-01', 197, 37, 5, 239, 14734),
	(2399, 201, '2020-02-01', 196, 36, 5, 238, 14663),
	(2400, 201, '2020-03-01', 208, 38, 5, 251, 15500),
	(2401, 201, '2020-04-01', 199, 37, 5, 241, 14897),
	(2402, 201, '2020-05-01', 212, 39, 5, 257, 15853),
	(2403, 201, '2020-06-01', 197, 37, 5, 239, 14750),
	(2404, 201, '2020-07-01', 201, 37, 5, 243, 14999),
	(2405, 201, '2020-08-01', 191, 35, 5, 231, 14256),
	(2406, 201, '2020-09-01', 186, 34, 5, 225, 13889),
	(2407, 201, '2020-10-01', 189, 35, 5, 229, 14152),
	(2408, 201, '2020-11-01', 193, 36, 5, 234, 14452),
	(2409, 201, '2020-12-01', 184, 34, 5, 223, 13744),
	(2410, 202, '2020-01-01', 576, 0, 0, 576, 217),
	(2411, 202, '2020-02-01', 573, 0, 0, 573, 216),
	(2412, 202, '2020-03-01', 606, 0, 0, 606, 228),
	(2413, 202, '2020-04-01', 582, 0, 0, 582, 219),
	(2414, 202, '2020-05-01', 620, 0, 0, 620, 234),
	(2415, 202, '2020-06-01', 576, 0, 0, 576, 217),
	(2416, 202, '2020-07-01', 586, 0, 0, 586, 221),
	(2417, 202, '2020-08-01', 557, 0, 0, 557, 210),
	(2418, 202, '2020-09-01', 543, 0, 0, 543, 205),
	(2419, 202, '2020-10-01', 553, 0, 0, 553, 209),
	(2420, 202, '2020-11-01', 565, 0, 0, 565, 213),
	(2421, 202, '2020-12-01', 537, 0, 0, 537, 203),
	(2422, 203, '2020-01-01', 324, 0, 0, 324, 202),
	(2423, 203, '2020-02-01', 323, 0, 0, 323, 201),
	(2424, 203, '2020-03-01', 341, 0, 0, 341, 212),
	(2425, 203, '2020-04-01', 328, 0, 0, 328, 204),
	(2426, 203, '2020-05-01', 349, 0, 0, 349, 217),
	(2427, 203, '2020-06-01', 325, 0, 0, 325, 202),
	(2428, 203, '2020-07-01', 330, 0, 0, 330, 205),
	(2429, 203, '2020-08-01', 314, 0, 0, 314, 195),
	(2430, 203, '2020-09-01', 306, 0, 0, 306, 190),
	(2431, 203, '2020-10-01', 312, 0, 0, 312, 194),
	(2432, 203, '2020-11-01', 318, 0, 0, 318, 198),
	(2433, 203, '2020-12-01', 303, 0, 0, 303, 188),
	(2434, 204, '2020-01-01', 45, 0, 0, 45, 0),
	(2435, 204, '2020-02-01', 34, 0, 0, 34, 0),
	(2436, 204, '2020-03-01', 55, 0, 0, 55, 0),
	(2437, 204, '2020-04-01', 42, 0, 0, 42, 0),
	(2438, 204, '2020-05-01', 39, 0, 0, 39, 0),
	(2439, 204, '2020-06-01', 28, 0, 0, 28, 0),
	(2440, 204, '2020-07-01', 29, 0, 0, 29, 0),
	(2441, 204, '2020-08-01', 18, 0, 0, 18, 0),
	(2442, 204, '2020-09-01', 74, 0, 0, 74, 0),
	(2443, 204, '2020-10-01', 35, 0, 0, 35, 0),
	(2444, 204, '2020-11-01', 65, 0, 0, 65, 0),
	(2445, 204, '2020-12-01', 35, 0, 0, 35, 0),
	(2446, 205, '2020-01-01', 106, 2, 1, 109, 9565),
	(2447, 205, '2020-02-01', 106, 2, 1, 108, 9519),
	(2448, 205, '2020-03-01', 112, 2, 1, 115, 10062),
	(2449, 205, '2020-04-01', 107, 2, 1, 110, 9670),
	(2450, 205, '2020-05-01', 114, 2, 1, 117, 10291),
	(2451, 205, '2020-06-01', 106, 2, 1, 109, 9575),
	(2452, 205, '2020-07-01', 108, 2, 1, 111, 9736),
	(2453, 205, '2020-08-01', 103, 1, 1, 105, 9255),
	(2454, 205, '2020-09-01', 100, 1, 1, 103, 9016),
	(2455, 205, '2020-10-01', 102, 1, 1, 105, 9187),
	(2456, 205, '2020-11-01', 104, 2, 1, 107, 9381),
	(2457, 205, '2020-12-01', 99, 1, 1, 102, 8922),
	(2458, 206, '2020-01-01', 6, 0, 0, 6, 463),
	(2459, 206, '2020-02-01', 6, 0, 0, 6, 456),
	(2460, 206, '2020-03-01', 6, 0, 0, 7, 485),
	(2461, 206, '2020-04-01', 6, 0, 0, 6, 462),
	(2462, 206, '2020-05-01', 6, 0, 0, 7, 496),
	(2463, 206, '2020-06-01', 6, 0, 0, 6, 458),
	(2464, 206, '2020-07-01', 6, 0, 0, 6, 464),
	(2465, 206, '2020-08-01', 6, 0, 0, 6, 446),
	(2466, 206, '2020-09-01', 6, 0, 0, 6, 435),
	(2467, 206, '2020-10-01', 6, 0, 0, 6, 443),
	(2468, 206, '2020-11-01', 6, 0, 0, 6, 452),
	(2469, 206, '2020-12-01', 6, 0, 0, 6, 431),
	(2470, 207, '2020-01-01', 4, 0, 0, 4, 409),
	(2471, 207, '2020-02-01', 4, 0, 0, 4, 407),
	(2472, 207, '2020-03-01', 4, 0, 0, 5, 431),
	(2473, 207, '2020-04-01', 4, 0, 0, 4, 414),
	(2474, 207, '2020-05-01', 5, 0, 0, 5, 440),
	(2475, 207, '2020-06-01', 4, 0, 0, 4, 410),
	(2476, 207, '2020-07-01', 4, 0, 0, 4, 417),
	(2477, 207, '2020-08-01', 4, 0, 0, 4, 396),
	(2478, 207, '2020-09-01', 4, 0, 0, 4, 386),
	(2479, 207, '2020-10-01', 4, 0, 0, 4, 393),
	(2480, 207, '2020-11-01', 4, 0, 0, 4, 401),
	(2481, 207, '2020-12-01', 4, 0, 0, 4, 382),
	(2482, 208, '2020-01-01', 24, 0, 0, 24, 41),
	(2483, 208, '2020-02-01', 24, 0, 0, 24, 41),
	(2484, 208, '2020-03-01', 26, 0, 0, 26, 44),
	(2485, 208, '2020-04-01', 25, 0, 0, 25, 42),
	(2486, 208, '2020-05-01', 26, 0, 0, 26, 45),
	(2487, 208, '2020-06-01', 24, 0, 0, 24, 41),
	(2488, 208, '2020-07-01', 25, 0, 0, 25, 42),
	(2489, 208, '2020-08-01', 24, 0, 0, 24, 40),
	(2490, 208, '2020-09-01', 23, 0, 0, 23, 39),
	(2491, 208, '2020-10-01', 23, 0, 0, 23, 40),
	(2492, 208, '2020-11-01', 24, 0, 0, 24, 41),
	(2493, 208, '2020-12-01', 23, 0, 0, 23, 39),
	(2494, 209, '2020-01-01', 14, 0, 0, 14, 14),
	(2495, 209, '2020-02-01', 14, 0, 0, 14, 14),
	(2496, 209, '2020-03-01', 15, 0, 0, 15, 15),
	(2497, 209, '2020-04-01', 15, 0, 0, 15, 15),
	(2498, 209, '2020-05-01', 15, 0, 0, 15, 16),
	(2499, 209, '2020-06-01', 14, 0, 0, 14, 14),
	(2500, 209, '2020-07-01', 15, 0, 0, 15, 15),
	(2501, 209, '2020-08-01', 14, 0, 0, 14, 14),
	(2502, 209, '2020-09-01', 14, 0, 0, 14, 14),
	(2503, 209, '2020-10-01', 14, 0, 0, 14, 14),
	(2504, 209, '2020-11-01', 14, 0, 0, 14, 14),
	(2505, 209, '2020-12-01', 13, 0, 0, 13, 13),
	(2506, 210, '2020-01-01', 11, 0, 0, 11, 977),
	(2507, 210, '2020-02-01', 11, 0, 0, 11, 973),
	(2508, 210, '2020-03-01', 11, 0, 0, 11, 1028),
	(2509, 210, '2020-04-01', 11, 0, 0, 11, 988),
	(2510, 210, '2020-05-01', 11, 0, 0, 11, 1052),
	(2511, 210, '2020-06-01', 11, 0, 0, 11, 979),
	(2512, 210, '2020-07-01', 11, 0, 0, 11, 995),
	(2513, 210, '2020-08-01', 10, 0, 0, 10, 946),
	(2514, 210, '2020-09-01', 10, 0, 0, 10, 921),
	(2515, 210, '2020-10-01', 10, 0, 0, 10, 939),
	(2516, 210, '2020-11-01', 10, 0, 0, 10, 959),
	(2517, 210, '2020-12-01', 10, 0, 0, 10, 912),
	(2518, 211, '2020-01-01', 13, 0, 0, 13, 0),
	(2519, 211, '2020-02-01', 10, 0, 0, 10, 0),
	(2520, 211, '2020-03-01', 16, 0, 0, 16, 0),
	(2521, 211, '2020-04-01', 12, 0, 0, 12, 0),
	(2522, 211, '2020-05-01', 11, 0, 0, 11, 0),
	(2523, 211, '2020-06-01', 8, 0, 0, 8, 0),
	(2524, 211, '2020-07-01', 8, 0, 0, 8, 0),
	(2525, 211, '2020-08-01', 5, 0, 0, 5, 0),
	(2526, 211, '2020-09-01', 22, 0, 0, 22, 0),
	(2527, 211, '2020-10-01', 10, 0, 0, 10, 0),
	(2528, 211, '2020-11-01', 19, 0, 0, 19, 0),
	(2529, 211, '2020-12-01', 10, 0, 0, 10, 0),
	(2530, 212, '2020-01-01', 35, 0, 0, 35, 3031),
	(2531, 212, '2020-02-01', 34, 0, 0, 35, 3016),
	(2532, 212, '2020-03-01', 36, 0, 0, 37, 3188),
	(2533, 212, '2020-04-01', 35, 0, 0, 35, 3064),
	(2534, 212, '2020-05-01', 37, 0, 1, 38, 3261),
	(2535, 212, '2020-06-01', 35, 0, 0, 35, 3034),
	(2536, 212, '2020-07-01', 35, 0, 0, 36, 3085),
	(2537, 212, '2020-08-01', 33, 0, 0, 34, 2932),
	(2538, 212, '2020-09-01', 33, 0, 0, 33, 2857),
	(2539, 212, '2020-10-01', 33, 0, 0, 34, 2911),
	(2540, 212, '2020-11-01', 34, 0, 0, 34, 2973),
	(2541, 212, '2020-12-01', 32, 0, 0, 33, 2827),
	(2542, 213, '2020-01-01', 6, 0, 0, 6, 498),
	(2543, 213, '2020-02-01', 6, 0, 0, 6, 490),
	(2544, 213, '2020-03-01', 6, 0, 0, 6, 521),
	(2545, 213, '2020-04-01', 6, 0, 0, 6, 496),
	(2546, 213, '2020-05-01', 6, 0, 0, 6, 533),
	(2547, 213, '2020-06-01', 6, 0, 0, 6, 492),
	(2548, 213, '2020-07-01', 6, 0, 0, 6, 499),
	(2549, 213, '2020-08-01', 6, 0, 0, 6, 480),
	(2550, 213, '2020-09-01', 5, 0, 0, 6, 467),
	(2551, 213, '2020-10-01', 6, 0, 0, 6, 476),
	(2552, 213, '2020-11-01', 6, 0, 0, 6, 486),
	(2553, 213, '2020-12-01', 5, 0, 0, 6, 463),
	(2554, 214, '2020-01-01', 1, 0, 0, 1, 128),
	(2555, 214, '2020-02-01', 1, 0, 0, 1, 127),
	(2556, 214, '2020-03-01', 1, 0, 0, 1, 134),
	(2557, 214, '2020-04-01', 1, 0, 0, 1, 129),
	(2558, 214, '2020-05-01', 1, 0, 0, 2, 137),
	(2559, 214, '2020-06-01', 1, 0, 0, 1, 128),
	(2560, 214, '2020-07-01', 1, 0, 0, 1, 130),
	(2561, 214, '2020-08-01', 1, 0, 0, 1, 124),
	(2562, 214, '2020-09-01', 1, 0, 0, 1, 120),
	(2563, 214, '2020-10-01', 1, 0, 0, 1, 123),
	(2564, 214, '2020-11-01', 1, 0, 0, 1, 125),
	(2565, 214, '2020-12-01', 1, 0, 0, 1, 119),
	(2566, 215, '2020-01-01', 2, 0, 0, 2, 2),
	(2567, 215, '2020-02-01', 2, 0, 0, 2, 2),
	(2568, 215, '2020-03-01', 2, 0, 0, 2, 3),
	(2569, 215, '2020-04-01', 2, 0, 0, 2, 2),
	(2570, 215, '2020-05-01', 2, 0, 0, 2, 3),
	(2571, 215, '2020-06-01', 2, 0, 0, 2, 2),
	(2572, 215, '2020-07-01', 2, 0, 0, 2, 3),
	(2573, 215, '2020-08-01', 2, 0, 0, 2, 2),
	(2574, 215, '2020-09-01', 2, 0, 0, 2, 2),
	(2575, 215, '2020-10-01', 2, 0, 0, 2, 2),
	(2576, 215, '2020-11-01', 2, 0, 0, 2, 2),
	(2577, 215, '2020-12-01', 2, 0, 0, 2, 2),
	(2578, 216, '2020-01-01', 21, 0, 0, 21, 18),
	(2579, 216, '2020-02-01', 21, 0, 0, 21, 18),
	(2580, 216, '2020-03-01', 22, 0, 0, 22, 19),
	(2581, 216, '2020-04-01', 21, 0, 0, 21, 18),
	(2582, 216, '2020-05-01', 23, 0, 0, 23, 19),
	(2583, 216, '2020-06-01', 21, 0, 0, 21, 18),
	(2584, 216, '2020-07-01', 21, 0, 0, 21, 18),
	(2585, 216, '2020-08-01', 20, 0, 0, 20, 17),
	(2586, 216, '2020-09-01', 20, 0, 0, 20, 17),
	(2587, 216, '2020-10-01', 20, 0, 0, 20, 17),
	(2588, 216, '2020-11-01', 21, 0, 0, 21, 18),
	(2589, 216, '2020-12-01', 20, 0, 0, 20, 17),
	(2590, 217, '2020-01-01', 4, 0, 0, 4, 328),
	(2591, 217, '2020-02-01', 4, 0, 0, 4, 326),
	(2592, 217, '2020-03-01', 4, 0, 0, 4, 345),
	(2593, 217, '2020-04-01', 4, 0, 0, 4, 331),
	(2594, 217, '2020-05-01', 4, 0, 0, 4, 352),
	(2595, 217, '2020-06-01', 4, 0, 0, 4, 328),
	(2596, 217, '2020-07-01', 4, 0, 0, 4, 333),
	(2597, 217, '2020-08-01', 3, 0, 0, 3, 317),
	(2598, 217, '2020-09-01', 3, 0, 0, 3, 309),
	(2599, 217, '2020-10-01', 3, 0, 0, 3, 315),
	(2600, 217, '2020-11-01', 4, 0, 0, 4, 321),
	(2601, 217, '2020-12-01', 3, 0, 0, 3, 306),
	(2602, 218, '2020-01-01', 3, 0, 0, 3, 0),
	(2603, 218, '2020-02-01', 2, 0, 0, 2, 0),
	(2604, 218, '2020-03-01', 4, 0, 0, 4, 0),
	(2605, 218, '2020-04-01', 3, 0, 0, 3, 0),
	(2606, 218, '2020-05-01', 3, 0, 0, 3, 0),
	(2607, 218, '2020-06-01', 2, 0, 0, 2, 0),
	(2608, 218, '2020-07-01', 2, 0, 0, 2, 0),
	(2609, 218, '2020-08-01', 1, 0, 0, 1, 0),
	(2610, 218, '2020-09-01', 5, 0, 0, 5, 0),
	(2611, 218, '2020-10-01', 2, 0, 0, 2, 0),
	(2612, 218, '2020-11-01', 5, 0, 0, 5, 0),
	(2613, 218, '2020-12-01', 2, 0, 0, 2, 0),
	(2614, 219, '2020-01-01', 213, 0, 0, 214, 15002),
	(2615, 219, '2020-02-01', 212, 0, 0, 213, 14930),
	(2616, 219, '2020-03-01', 225, 0, 0, 225, 15782),
	(2617, 219, '2020-04-01', 216, 0, 0, 216, 15168),
	(2618, 219, '2020-05-01', 230, 0, 0, 230, 16142),
	(2619, 219, '2020-06-01', 214, 0, 0, 214, 15019),
	(2620, 219, '2020-07-01', 217, 0, 0, 218, 15272),
	(2621, 219, '2020-08-01', 207, 0, 0, 207, 14516),
	(2622, 219, '2020-09-01', 201, 0, 0, 201, 14141),
	(2623, 219, '2020-10-01', 205, 0, 0, 205, 14410),
	(2624, 219, '2020-11-01', 209, 0, 0, 210, 14715),
	(2625, 219, '2020-12-01', 199, 0, 0, 199, 13994),
	(2626, 220, '2020-01-01', 1, 0, 0, 1, 122),
	(2627, 220, '2020-02-01', 1, 0, 0, 1, 120),
	(2628, 220, '2020-03-01', 1, 0, 0, 1, 127),
	(2629, 220, '2020-04-01', 1, 0, 0, 1, 121),
	(2630, 220, '2020-05-01', 1, 0, 0, 1, 130),
	(2631, 220, '2020-06-01', 1, 0, 0, 1, 120),
	(2632, 220, '2020-07-01', 1, 0, 0, 1, 122),
	(2633, 220, '2020-08-01', 1, 0, 0, 1, 117),
	(2634, 220, '2020-09-01', 1, 0, 0, 1, 114),
	(2635, 220, '2020-10-01', 1, 0, 0, 1, 116),
	(2636, 220, '2020-11-01', 1, 0, 0, 1, 119),
	(2637, 220, '2020-12-01', 1, 0, 0, 1, 113),
	(2638, 221, '2020-01-01', 0, 0, 0, 0, 0),
	(2639, 221, '2020-02-01', 0, 0, 0, 0, 0),
	(2640, 221, '2020-03-01', 0, 0, 0, 0, 0),
	(2641, 221, '2020-04-01', 0, 0, 0, 0, 0),
	(2642, 221, '2020-05-01', 0, 0, 0, 0, 0),
	(2643, 221, '2020-06-01', 0, 0, 0, 0, 0),
	(2644, 221, '2020-07-01', 0, 0, 0, 0, 0),
	(2645, 221, '2020-08-01', 0, 0, 0, 0, 0),
	(2646, 221, '2020-09-01', 0, 0, 0, 0, 0),
	(2647, 221, '2020-10-01', 0, 0, 0, 0, 0),
	(2648, 221, '2020-11-01', 0, 0, 0, 0, 0),
	(2649, 221, '2020-12-01', 0, 0, 0, 0, 0),
	(2650, 222, '2020-01-01', 0, 0, 0, 0, 0),
	(2651, 222, '2020-02-01', 0, 0, 0, 0, 0),
	(2652, 222, '2020-03-01', 0, 0, 0, 0, 0),
	(2653, 222, '2020-04-01', 0, 0, 0, 0, 0),
	(2654, 222, '2020-05-01', 0, 0, 0, 0, 0),
	(2655, 222, '2020-06-01', 0, 0, 0, 0, 0),
	(2656, 222, '2020-07-01', 0, 0, 0, 0, 0),
	(2657, 222, '2020-08-01', 0, 0, 0, 0, 0),
	(2658, 222, '2020-09-01', 0, 0, 0, 0, 0),
	(2659, 222, '2020-10-01', 0, 0, 0, 0, 0),
	(2660, 222, '2020-11-01', 0, 0, 0, 0, 0),
	(2661, 222, '2020-12-01', 0, 0, 0, 0, 0),
	(2662, 223, '2020-01-01', 41, 0, 1, 42, 3693),
	(2663, 223, '2020-02-01', 41, 0, 1, 42, 3675),
	(2664, 223, '2020-03-01', 43, 0, 1, 44, 3885),
	(2665, 223, '2020-04-01', 42, 0, 1, 42, 3734),
	(2666, 223, '2020-05-01', 44, 0, 1, 45, 3973),
	(2667, 223, '2020-06-01', 41, 0, 1, 42, 3697),
	(2668, 223, '2020-07-01', 42, 0, 1, 43, 3759),
	(2669, 223, '2020-08-01', 40, 0, 1, 41, 3573),
	(2670, 223, '2020-09-01', 39, 0, 1, 40, 3481),
	(2671, 223, '2020-10-01', 40, 0, 1, 40, 3547),
	(2672, 223, '2020-11-01', 40, 0, 1, 41, 3622),
	(2673, 223, '2020-12-01', 38, 0, 1, 39, 3445),
	(2674, 224, '2020-01-01', 6, 0, 0, 6, 459),
	(2675, 224, '2020-02-01', 5, 0, 0, 6, 451),
	(2676, 224, '2020-03-01', 6, 0, 0, 6, 480),
	(2677, 224, '2020-04-01', 5, 0, 0, 6, 457),
	(2678, 224, '2020-05-01', 6, 0, 0, 6, 491),
	(2679, 224, '2020-06-01', 5, 0, 0, 6, 453),
	(2680, 224, '2020-07-01', 6, 0, 0, 6, 459),
	(2681, 224, '2020-08-01', 5, 0, 0, 5, 442),
	(2682, 224, '2020-09-01', 5, 0, 0, 5, 430),
	(2683, 224, '2020-10-01', 5, 0, 0, 5, 438),
	(2684, 224, '2020-11-01', 5, 0, 0, 6, 447),
	(2685, 224, '2020-12-01', 5, 0, 0, 5, 427),
	(2686, 225, '2020-01-01', 2, 0, 0, 2, 170),
	(2687, 225, '2020-02-01', 2, 0, 0, 2, 169),
	(2688, 225, '2020-03-01', 2, 0, 0, 2, 179),
	(2689, 225, '2020-04-01', 2, 0, 0, 2, 172),
	(2690, 225, '2020-05-01', 2, 0, 0, 2, 183),
	(2691, 225, '2020-06-01', 2, 0, 0, 2, 170),
	(2692, 225, '2020-07-01', 2, 0, 0, 2, 173),
	(2693, 225, '2020-08-01', 2, 0, 0, 2, 164),
	(2694, 225, '2020-09-01', 2, 0, 0, 2, 160),
	(2695, 225, '2020-10-01', 2, 0, 0, 2, 163),
	(2696, 225, '2020-11-01', 2, 0, 0, 2, 166),
	(2697, 225, '2020-12-01', 2, 0, 0, 2, 158),
	(2698, 226, '2020-01-01', 16, 0, 0, 16, 23),
	(2699, 226, '2020-02-01', 16, 0, 0, 16, 23),
	(2700, 226, '2020-03-01', 17, 0, 0, 17, 24),
	(2701, 226, '2020-04-01', 17, 0, 0, 17, 23),
	(2702, 226, '2020-05-01', 18, 0, 0, 18, 24),
	(2703, 226, '2020-06-01', 16, 0, 0, 16, 23),
	(2704, 226, '2020-07-01', 17, 0, 0, 17, 23),
	(2705, 226, '2020-08-01', 16, 0, 0, 16, 22),
	(2706, 226, '2020-09-01', 15, 0, 0, 15, 21),
	(2707, 226, '2020-10-01', 16, 0, 0, 16, 22),
	(2708, 226, '2020-11-01', 16, 0, 0, 16, 22),
	(2709, 226, '2020-12-01', 15, 0, 0, 15, 21),
	(2710, 227, '2020-01-01', 37, 0, 0, 37, 38),
	(2711, 227, '2020-02-01', 37, 0, 0, 37, 38),
	(2712, 227, '2020-03-01', 39, 0, 0, 39, 40),
	(2713, 227, '2020-04-01', 37, 0, 0, 37, 38),
	(2714, 227, '2020-05-01', 40, 0, 0, 40, 41),
	(2715, 227, '2020-06-01', 37, 0, 0, 37, 38),
	(2716, 227, '2020-07-01', 38, 0, 0, 38, 38),
	(2717, 227, '2020-08-01', 36, 0, 0, 36, 37),
	(2718, 227, '2020-09-01', 35, 0, 0, 35, 36),
	(2719, 227, '2020-10-01', 36, 0, 0, 36, 36),
	(2720, 227, '2020-11-01', 36, 0, 0, 36, 37),
	(2721, 227, '2020-12-01', 35, 0, 0, 35, 35),
	(2722, 228, '2020-01-01', 4, 0, 0, 4, 342),
	(2723, 228, '2020-02-01', 4, 0, 0, 4, 340),
	(2724, 228, '2020-03-01', 4, 0, 0, 4, 359),
	(2725, 228, '2020-04-01', 4, 0, 0, 4, 345),
	(2726, 228, '2020-05-01', 4, 0, 0, 4, 368),
	(2727, 228, '2020-06-01', 4, 0, 0, 4, 342),
	(2728, 228, '2020-07-01', 4, 0, 0, 4, 348),
	(2729, 228, '2020-08-01', 3, 0, 0, 3, 331),
	(2730, 228, '2020-09-01', 3, 0, 0, 3, 322),
	(2731, 228, '2020-10-01', 3, 0, 0, 3, 328),
	(2732, 228, '2020-11-01', 3, 0, 0, 3, 335),
	(2733, 228, '2020-12-01', 3, 0, 0, 3, 319),
	(2734, 229, '2020-01-01', 4, 0, 0, 4, 0),
	(2735, 229, '2020-02-01', 3, 0, 0, 3, 0),
	(2736, 229, '2020-03-01', 4, 0, 0, 4, 0),
	(2737, 229, '2020-04-01', 3, 0, 0, 3, 0),
	(2738, 229, '2020-05-01', 3, 0, 0, 3, 0),
	(2739, 229, '2020-06-01', 2, 0, 0, 2, 0),
	(2740, 229, '2020-07-01', 2, 0, 0, 2, 0),
	(2741, 229, '2020-08-01', 1, 0, 0, 1, 0),
	(2742, 229, '2020-09-01', 6, 0, 0, 6, 0),
	(2743, 229, '2020-10-01', 3, 0, 0, 3, 0),
	(2744, 229, '2020-11-01', 5, 0, 0, 5, 0),
	(2745, 229, '2020-12-01', 3, 0, 0, 3, 0),
	(2746, 230, '2020-01-01', 44, 2, 1, 46, 3309),
	(2747, 230, '2020-02-01', 43, 2, 1, 46, 3294),
	(2748, 230, '2020-03-01', 46, 2, 1, 48, 3482),
	(2749, 230, '2020-04-01', 44, 2, 1, 46, 3344),
	(2750, 230, '2020-05-01', 47, 2, 1, 49, 3561),
	(2751, 230, '2020-06-01', 44, 2, 1, 46, 3313),
	(2752, 230, '2020-07-01', 44, 2, 1, 47, 3369),
	(2753, 230, '2020-08-01', 42, 2, 1, 44, 3202),
	(2754, 230, '2020-09-01', 41, 2, 1, 43, 3120),
	(2755, 230, '2020-10-01', 42, 2, 1, 44, 3179),
	(2756, 230, '2020-11-01', 43, 2, 1, 45, 3246),
	(2757, 230, '2020-12-01', 41, 2, 1, 43, 3087),
	(2758, 231, '2020-01-01', 1, 0, 0, 1, 109),
	(2759, 231, '2020-02-01', 1, 0, 0, 1, 107),
	(2760, 231, '2020-03-01', 1, 0, 0, 1, 114),
	(2761, 231, '2020-04-01', 1, 0, 0, 1, 108),
	(2762, 231, '2020-05-01', 1, 0, 0, 1, 116),
	(2763, 231, '2020-06-01', 1, 0, 0, 1, 107),
	(2764, 231, '2020-07-01', 1, 0, 0, 1, 109),
	(2765, 231, '2020-08-01', 1, 0, 0, 1, 105),
	(2766, 231, '2020-09-01', 1, 0, 0, 1, 102),
	(2767, 231, '2020-10-01', 1, 0, 0, 1, 104),
	(2768, 231, '2020-11-01', 1, 0, 0, 1, 106),
	(2769, 231, '2020-12-01', 1, 0, 0, 1, 101),
	(2770, 232, '2020-01-01', 2, 0, 0, 2, 153),
	(2771, 232, '2020-02-01', 2, 0, 0, 2, 152),
	(2772, 232, '2020-03-01', 2, 0, 0, 2, 161),
	(2773, 232, '2020-04-01', 2, 0, 0, 2, 155),
	(2774, 232, '2020-05-01', 2, 0, 0, 2, 165),
	(2775, 232, '2020-06-01', 2, 0, 0, 2, 153),
	(2776, 232, '2020-07-01', 2, 0, 0, 2, 156),
	(2777, 232, '2020-08-01', 2, 0, 0, 2, 148),
	(2778, 232, '2020-09-01', 2, 0, 0, 2, 144),
	(2779, 232, '2020-10-01', 2, 0, 0, 2, 147),
	(2780, 232, '2020-11-01', 2, 0, 0, 2, 150),
	(2781, 232, '2020-12-01', 2, 0, 0, 2, 143),
	(2782, 233, '2020-01-01', 6, 0, 0, 6, 8),
	(2783, 233, '2020-02-01', 6, 0, 0, 6, 8),
	(2784, 233, '2020-03-01', 6, 0, 0, 6, 8),
	(2785, 233, '2020-04-01', 6, 0, 0, 6, 8),
	(2786, 233, '2020-05-01', 6, 0, 0, 6, 9),
	(2787, 233, '2020-06-01', 6, 0, 0, 6, 8),
	(2788, 233, '2020-07-01', 6, 0, 0, 6, 8),
	(2789, 233, '2020-08-01', 5, 0, 0, 5, 8),
	(2790, 233, '2020-09-01', 5, 0, 0, 5, 8),
	(2791, 233, '2020-10-01', 5, 0, 0, 5, 8),
	(2792, 233, '2020-11-01', 5, 0, 0, 5, 8),
	(2793, 233, '2020-12-01', 5, 0, 0, 5, 7),
	(2794, 234, '2020-01-01', 15, 0, 0, 15, 16),
	(2795, 234, '2020-02-01', 15, 0, 0, 15, 16),
	(2796, 234, '2020-03-01', 16, 0, 0, 16, 16),
	(2797, 234, '2020-04-01', 16, 0, 0, 16, 16),
	(2798, 234, '2020-05-01', 17, 0, 0, 17, 17),
	(2799, 234, '2020-06-01', 15, 0, 0, 15, 16),
	(2800, 234, '2020-07-01', 16, 0, 0, 16, 16),
	(2801, 234, '2020-08-01', 15, 0, 0, 15, 15),
	(2802, 234, '2020-09-01', 15, 0, 0, 15, 15),
	(2803, 234, '2020-10-01', 15, 0, 0, 15, 15),
	(2804, 234, '2020-11-01', 15, 0, 0, 15, 15),
	(2805, 234, '2020-12-01', 14, 0, 0, 14, 15),
	(2806, 235, '2020-01-01', 1, 0, 0, 1, 0),
	(2807, 235, '2020-02-01', 0, 0, 0, 0, 0),
	(2808, 235, '2020-03-01', 1, 0, 0, 1, 0),
	(2809, 235, '2020-04-01', 0, 0, 0, 0, 0),
	(2810, 235, '2020-05-01', 0, 0, 0, 0, 0),
	(2811, 235, '2020-06-01', 0, 0, 0, 0, 0),
	(2812, 235, '2020-07-01', 0, 0, 0, 0, 0),
	(2813, 235, '2020-08-01', 0, 0, 0, 0, 0),
	(2814, 235, '2020-09-01', 1, 0, 0, 1, 0),
	(2815, 235, '2020-10-01', 0, 0, 0, 0, 0),
	(2816, 235, '2020-11-01', 1, 0, 0, 1, 0),
	(2817, 235, '2020-12-01', 0, 0, 0, 0, 0),
	(2818, 236, '2020-01-01', 38, 0, 2, 40, 3355),
	(2819, 236, '2020-02-01', 38, 0, 2, 40, 3339),
	(2820, 236, '2020-03-01', 40, 0, 2, 42, 3530),
	(2821, 236, '2020-04-01', 39, 0, 2, 41, 3392),
	(2822, 236, '2020-05-01', 41, 0, 2, 43, 3610),
	(2823, 236, '2020-06-01', 38, 0, 2, 40, 3359),
	(2824, 236, '2020-07-01', 39, 0, 2, 41, 3416),
	(2825, 236, '2020-08-01', 37, 0, 2, 39, 3247),
	(2826, 236, '2020-09-01', 36, 0, 2, 38, 3163),
	(2827, 236, '2020-10-01', 37, 0, 2, 39, 3223),
	(2828, 236, '2020-11-01', 37, 0, 2, 39, 3291),
	(2829, 236, '2020-12-01', 36, 0, 2, 37, 3130),
	(2830, 237, '2020-01-01', 3, 0, 0, 3, 199),
	(2831, 237, '2020-02-01', 3, 0, 0, 3, 195),
	(2832, 237, '2020-03-01', 3, 0, 0, 3, 208),
	(2833, 237, '2020-04-01', 3, 0, 0, 3, 198),
	(2834, 237, '2020-05-01', 3, 0, 0, 3, 213),
	(2835, 237, '2020-06-01', 3, 0, 0, 3, 196),
	(2836, 237, '2020-07-01', 3, 0, 0, 3, 199),
	(2837, 237, '2020-08-01', 3, 0, 0, 3, 191),
	(2838, 237, '2020-09-01', 3, 0, 0, 3, 186),
	(2839, 237, '2020-10-01', 3, 0, 0, 3, 190),
	(2840, 237, '2020-11-01', 3, 0, 0, 3, 194),
	(2841, 237, '2020-12-01', 3, 0, 0, 3, 185),
	(2842, 238, '2020-01-01', 2, 0, 0, 2, 135),
	(2843, 238, '2020-02-01', 2, 0, 0, 2, 135),
	(2844, 238, '2020-03-01', 2, 0, 0, 2, 142),
	(2845, 238, '2020-04-01', 2, 0, 0, 2, 137),
	(2846, 238, '2020-05-01', 2, 0, 0, 2, 146),
	(2847, 238, '2020-06-01', 2, 0, 0, 2, 135),
	(2848, 238, '2020-07-01', 2, 0, 0, 2, 138),
	(2849, 238, '2020-08-01', 1, 0, 0, 2, 131),
	(2850, 238, '2020-09-01', 1, 0, 0, 1, 128),
	(2851, 238, '2020-10-01', 1, 0, 0, 2, 130),
	(2852, 238, '2020-11-01', 1, 0, 0, 2, 133),
	(2853, 238, '2020-12-01', 1, 0, 0, 1, 126),
	(2854, 239, '2020-01-01', 2, 0, 0, 2, 2),
	(2855, 239, '2020-02-01', 2, 0, 0, 2, 2),
	(2856, 239, '2020-03-01', 2, 0, 0, 2, 2),
	(2857, 239, '2020-04-01', 2, 0, 0, 2, 2),
	(2858, 239, '2020-05-01', 2, 0, 0, 2, 2),
	(2859, 239, '2020-06-01', 2, 0, 0, 2, 2),
	(2860, 239, '2020-07-01', 2, 0, 0, 2, 2),
	(2861, 239, '2020-08-01', 2, 0, 0, 2, 2),
	(2862, 239, '2020-09-01', 2, 0, 0, 2, 2),
	(2863, 239, '2020-10-01', 2, 0, 0, 2, 2),
	(2864, 239, '2020-11-01', 2, 0, 0, 2, 2),
	(2865, 239, '2020-12-01', 2, 0, 0, 2, 2),
	(2866, 240, '2020-01-01', 4, 0, 0, 4, 4),
	(2867, 240, '2020-02-01', 4, 0, 0, 4, 4),
	(2868, 240, '2020-03-01', 4, 0, 0, 4, 4),
	(2869, 240, '2020-04-01', 4, 0, 0, 4, 4),
	(2870, 240, '2020-05-01', 4, 0, 0, 4, 4),
	(2871, 240, '2020-06-01', 4, 0, 0, 4, 4),
	(2872, 240, '2020-07-01', 4, 0, 0, 4, 4),
	(2873, 240, '2020-08-01', 4, 0, 0, 4, 4),
	(2874, 240, '2020-09-01', 4, 0, 0, 4, 4),
	(2875, 240, '2020-10-01', 4, 0, 0, 4, 4),
	(2876, 240, '2020-11-01', 4, 0, 0, 4, 4),
	(2877, 240, '2020-12-01', 4, 0, 0, 4, 4),
	(2878, 241, '2020-01-01', 1, 0, 0, 1, 0),
	(2879, 241, '2020-02-01', 1, 0, 0, 1, 0),
	(2880, 241, '2020-03-01', 2, 0, 0, 2, 0),
	(2881, 241, '2020-04-01', 1, 0, 0, 1, 0),
	(2882, 241, '2020-05-01', 1, 0, 0, 1, 0),
	(2883, 241, '2020-06-01', 1, 0, 0, 1, 0),
	(2884, 241, '2020-07-01', 1, 0, 0, 1, 0),
	(2885, 241, '2020-08-01', 1, 0, 0, 1, 0),
	(2886, 241, '2020-09-01', 2, 0, 0, 2, 0),
	(2887, 241, '2020-10-01', 1, 0, 0, 1, 0),
	(2888, 241, '2020-11-01', 2, 0, 0, 2, 0),
	(2889, 241, '2020-12-01', 1, 0, 0, 1, 0),
	(2890, 242, '2020-01-01', 9, 0, 0, 10, 928),
	(2891, 242, '2020-02-01', 9, 0, 0, 10, 924),
	(2892, 242, '2020-03-01', 10, 0, 0, 10, 977),
	(2893, 242, '2020-04-01', 10, 0, 0, 10, 939),
	(2894, 242, '2020-05-01', 10, 0, 0, 10, 999),
	(2895, 242, '2020-06-01', 9, 0, 0, 10, 930),
	(2896, 242, '2020-07-01', 10, 0, 0, 10, 945),
	(2897, 242, '2020-08-01', 9, 0, 0, 9, 899),
	(2898, 242, '2020-09-01', 9, 0, 0, 9, 876),
	(2899, 242, '2020-10-01', 9, 0, 0, 9, 892),
	(2900, 242, '2020-11-01', 9, 0, 0, 10, 911),
	(2901, 242, '2020-12-01', 9, 0, 0, 9, 866),
	(2902, 243, '2020-01-01', 1, 0, 0, 1, 109),
	(2903, 243, '2020-02-01', 1, 0, 0, 1, 107),
	(2904, 243, '2020-03-01', 1, 0, 0, 1, 114),
	(2905, 243, '2020-04-01', 1, 0, 0, 1, 108),
	(2906, 243, '2020-05-01', 1, 0, 0, 1, 116),
	(2907, 243, '2020-06-01', 1, 0, 0, 1, 107),
	(2908, 243, '2020-07-01', 1, 0, 0, 1, 109),
	(2909, 243, '2020-08-01', 1, 0, 0, 1, 105),
	(2910, 243, '2020-09-01', 1, 0, 0, 1, 102),
	(2911, 243, '2020-10-01', 1, 0, 0, 1, 104),
	(2912, 243, '2020-11-01', 1, 0, 0, 1, 106),
	(2913, 243, '2020-12-01', 1, 0, 0, 1, 101),
	(2914, 244, '2020-01-01', 1, 0, 0, 1, 109),
	(2915, 244, '2020-02-01', 1, 0, 0, 1, 109),
	(2916, 244, '2020-03-01', 1, 0, 0, 1, 115),
	(2917, 244, '2020-04-01', 1, 0, 0, 1, 111),
	(2918, 244, '2020-05-01', 1, 0, 0, 1, 118),
	(2919, 244, '2020-06-01', 1, 0, 0, 1, 109),
	(2920, 244, '2020-07-01', 1, 0, 0, 1, 111),
	(2921, 244, '2020-08-01', 1, 0, 0, 1, 106),
	(2922, 244, '2020-09-01', 1, 0, 0, 1, 103),
	(2923, 244, '2020-10-01', 1, 0, 0, 1, 105),
	(2924, 244, '2020-11-01', 1, 0, 0, 1, 107),
	(2925, 244, '2020-12-01', 1, 0, 0, 1, 102),
	(2926, 245, '2020-01-01', 2, 0, 0, 2, 0),
	(2927, 245, '2020-02-01', 2, 0, 0, 2, 0),
	(2928, 245, '2020-03-01', 3, 0, 0, 3, 0),
	(2929, 245, '2020-04-01', 2, 0, 0, 2, 0),
	(2930, 245, '2020-05-01', 2, 0, 0, 2, 0),
	(2931, 245, '2020-06-01', 1, 0, 0, 1, 0),
	(2932, 245, '2020-07-01', 1, 0, 0, 1, 0),
	(2933, 245, '2020-08-01', 1, 0, 0, 1, 0),
	(2934, 245, '2020-09-01', 4, 0, 0, 4, 0),
	(2935, 245, '2020-10-01', 2, 0, 0, 2, 0),
	(2936, 245, '2020-11-01', 3, 0, 0, 3, 0),
	(2937, 245, '2020-12-01', 2, 0, 0, 2, 0),
	(2938, 246, '2020-01-01', 45621, 0, 0, 45621, 24398),
	(2939, 246, '2020-02-01', 45621, 0, 0, 45621, 24398),
	(2940, 246, '2020-03-01', 45621, 0, 0, 45621, 24398),
	(2941, 246, '2020-04-01', 45621, 0, 0, 45621, 24398),
	(2942, 246, '2020-05-01', 45621, 0, 0, 45621, 24398),
	(2943, 246, '2020-06-01', 45621, 0, 0, 45621, 24398),
	(2944, 246, '2020-07-01', 45621, 0, 0, 45621, 24398),
	(2945, 246, '2020-08-01', 45621, 0, 0, 45621, 24398),
	(2946, 246, '2020-09-01', 45621, 0, 0, 45621, 24398),
	(2947, 246, '2020-10-01', 45621, 0, 0, 45621, 24398),
	(2948, 246, '2020-11-01', 45621, 0, 0, 45621, 24398),
	(2949, 246, '2020-12-01', 45621, 0, 0, 45621, 24398),
	(2950, 247, '2020-01-01', 150000, 0, 0, 150000, 299716),
	(2951, 247, '2020-02-01', 150000, 0, 0, 150000, 299716),
	(2952, 247, '2020-03-01', 150000, 0, 0, 150000, 299716),
	(2953, 247, '2020-04-01', 150000, 0, 0, 150000, 299716),
	(2954, 247, '2020-05-01', 150000, 0, 0, 150000, 299716),
	(2955, 247, '2020-06-01', 150000, 0, 0, 150000, 299716),
	(2956, 247, '2020-07-01', 150000, 0, 0, 150000, 299716),
	(2957, 247, '2020-08-01', 150000, 0, 0, 150000, 299716),
	(2958, 247, '2020-09-01', 150000, 0, 0, 150000, 299716),
	(2959, 247, '2020-10-01', 150000, 0, 0, 150000, 299716),
	(2960, 247, '2020-11-01', 150000, 0, 0, 150000, 299716),
	(2961, 247, '2020-12-01', 150000, 0, 0, 150000, 299716),
	(2962, 248, '2020-01-01', 938, 0, 0, 938, 38069),
	(2963, 248, '2020-02-01', 938, 0, 0, 938, 38069),
	(2964, 248, '2020-03-01', 938, 0, 0, 938, 38069),
	(2965, 248, '2020-04-01', 938, 0, 0, 938, 38069),
	(2966, 248, '2020-05-01', 938, 0, 0, 938, 38069),
	(2967, 248, '2020-06-01', 938, 0, 0, 938, 38069),
	(2968, 248, '2020-07-01', 938, 0, 0, 938, 38069),
	(2969, 248, '2020-08-01', 938, 0, 0, 938, 38069),
	(2970, 248, '2020-09-01', 938, 0, 0, 938, 38069),
	(2971, 248, '2020-10-01', 938, 0, 0, 938, 38069),
	(2972, 248, '2020-11-01', 938, 0, 0, 938, 38069),
	(2973, 248, '2020-12-01', 938, 0, 0, 938, 38069),
	(2974, 249, '2020-01-01', 504, 0, 0, 504, 26088),
	(2975, 249, '2020-02-01', 504, 0, 0, 504, 26088),
	(2976, 249, '2020-03-01', 504, 0, 0, 504, 26088),
	(2977, 249, '2020-04-01', 504, 0, 0, 504, 26088),
	(2978, 249, '2020-05-01', 504, 0, 0, 504, 26088),
	(2979, 249, '2020-06-01', 504, 0, 0, 504, 26088),
	(2980, 249, '2020-07-01', 504, 0, 0, 504, 26088),
	(2981, 249, '2020-08-01', 504, 0, 0, 504, 26088),
	(2982, 249, '2020-09-01', 504, 0, 0, 504, 26088),
	(2983, 249, '2020-10-01', 504, 0, 0, 504, 26088),
	(2984, 249, '2020-11-01', 504, 0, 0, 504, 26088),
	(2985, 249, '2020-12-01', 504, 0, 0, 504, 26088),
	(2986, 250, '2020-01-01', 500, 0, 0, 500, 22500),
	(2987, 250, '2020-02-01', 500, 0, 0, 500, 22500),
	(2988, 250, '2020-03-01', 500, 0, 0, 500, 22500),
	(2989, 250, '2020-04-01', 500, 0, 0, 500, 22500),
	(2990, 250, '2020-05-01', 500, 0, 0, 500, 22500),
	(2991, 250, '2020-06-01', 500, 0, 0, 500, 22500),
	(2992, 250, '2020-07-01', 500, 0, 0, 500, 22500),
	(2993, 250, '2020-08-01', 500, 0, 0, 500, 22500),
	(2994, 250, '2020-09-01', 500, 0, 0, 500, 22500),
	(2995, 250, '2020-10-01', 500, 0, 0, 500, 22500),
	(2996, 250, '2020-11-01', 500, 0, 0, 500, 22500),
	(2997, 250, '2020-12-01', 500, 0, 0, 500, 22500),
	(2998, 251, '2020-01-01', 775, 0, 0, 775, 45428),
	(2999, 251, '2020-02-01', 771, 0, 0, 771, 45210),
	(3000, 251, '2020-03-01', 815, 0, 0, 815, 47790),
	(3001, 251, '2020-04-01', 783, 0, 0, 784, 45931),
	(3002, 251, '2020-05-01', 834, 0, 0, 834, 48879),
	(3003, 251, '2020-06-01', 776, 0, 0, 776, 45478),
	(3004, 251, '2020-07-01', 789, 0, 0, 789, 46244),
	(3005, 251, '2020-08-01', 750, 0, 0, 750, 43955),
	(3006, 251, '2020-09-01', 730, 0, 0, 731, 42822),
	(3007, 251, '2020-10-01', 744, 0, 0, 744, 43635),
	(3008, 251, '2020-11-01', 760, 0, 0, 760, 44558),
	(3009, 251, '2020-12-01', 723, 0, 0, 723, 42376),
	(3010, 252, '2020-01-01', 0, 0, 0, 0, 0),
	(3011, 252, '2020-02-01', 0, 0, 0, 0, 0),
	(3012, 252, '2020-03-01', 0, 0, 0, 0, 0),
	(3013, 252, '2020-04-01', 0, 0, 0, 0, 0),
	(3014, 252, '2020-05-01', 0, 0, 0, 0, 0),
	(3015, 252, '2020-06-01', 0, 0, 0, 0, 0),
	(3016, 252, '2020-07-01', 0, 0, 0, 0, 0),
	(3017, 252, '2020-08-01', 0, 0, 0, 0, 0),
	(3018, 252, '2020-09-01', 0, 0, 0, 0, 0),
	(3019, 252, '2020-10-01', 0, 0, 0, 0, 0),
	(3020, 252, '2020-11-01', 0, 0, 0, 0, 0),
	(3021, 252, '2020-12-01', 0, 0, 0, 0, 0),
	(3022, 253, '2020-01-01', 0, 0, 0, 0, 0),
	(3023, 253, '2020-02-01', 0, 0, 0, 0, 0),
	(3024, 253, '2020-03-01', 0, 0, 0, 0, 0),
	(3025, 253, '2020-04-01', 0, 0, 0, 0, 0),
	(3026, 253, '2020-05-01', 0, 0, 0, 0, 0),
	(3027, 253, '2020-06-01', 0, 0, 0, 0, 0),
	(3028, 253, '2020-07-01', 0, 0, 0, 0, 0),
	(3029, 253, '2020-08-01', 0, 0, 0, 0, 0),
	(3030, 253, '2020-09-01', 0, 0, 0, 0, 0),
	(3031, 253, '2020-10-01', 0, 0, 0, 0, 0),
	(3032, 253, '2020-11-01', 0, 0, 0, 0, 0),
	(3033, 253, '2020-12-01', 0, 0, 0, 0, 0),
	(3034, 254, '2020-01-01', 5819, 0, 0, 5819, 5689),
	(3035, 254, '2020-02-01', 5791, 0, 0, 5791, 5662),
	(3036, 254, '2020-03-01', 6121, 0, 0, 6121, 5985),
	(3037, 254, '2020-04-01', 5883, 0, 0, 5883, 5752),
	(3038, 254, '2020-05-01', 6261, 0, 0, 6261, 6122),
	(3039, 254, '2020-06-01', 5825, 0, 0, 5825, 5696),
	(3040, 254, '2020-07-01', 5923, 0, 0, 5923, 5792),
	(3041, 254, '2020-08-01', 5630, 0, 0, 5630, 5505),
	(3042, 254, '2020-09-01', 5485, 0, 0, 5485, 5363),
	(3043, 254, '2020-10-01', 5589, 0, 0, 5589, 5465),
	(3044, 254, '2020-11-01', 5707, 0, 0, 5707, 5580),
	(3045, 254, '2020-12-01', 5428, 0, 0, 5428, 5307),
	(3046, 255, '2020-01-01', 561, 0, 0, 561, 379),
	(3047, 255, '2020-02-01', 558, 0, 0, 558, 377),
	(3048, 255, '2020-03-01', 590, 0, 0, 590, 398),
	(3049, 255, '2020-04-01', 567, 0, 0, 567, 383),
	(3050, 255, '2020-05-01', 603, 0, 0, 603, 408),
	(3051, 255, '2020-06-01', 561, 0, 0, 561, 379),
	(3052, 255, '2020-07-01', 571, 0, 0, 571, 386),
	(3053, 255, '2020-08-01', 543, 0, 0, 543, 366),
	(3054, 255, '2020-09-01', 529, 0, 0, 529, 357),
	(3055, 255, '2020-10-01', 539, 0, 0, 539, 364),
	(3056, 255, '2020-11-01', 550, 0, 0, 550, 372),
	(3057, 255, '2020-12-01', 523, 0, 0, 523, 353),
	(3058, 256, '2020-01-01', 45, 0, 0, 45, 0),
	(3059, 256, '2020-02-01', 34, 0, 0, 34, 0),
	(3060, 256, '2020-03-01', 54, 0, 0, 54, 0),
	(3061, 256, '2020-04-01', 41, 0, 0, 41, 0),
	(3062, 256, '2020-05-01', 38, 0, 0, 38, 0),
	(3063, 256, '2020-06-01', 28, 0, 0, 28, 0),
	(3064, 256, '2020-07-01', 29, 0, 0, 29, 0),
	(3065, 256, '2020-08-01', 18, 0, 0, 18, 0),
	(3066, 256, '2020-09-01', 74, 0, 0, 74, 0),
	(3067, 256, '2020-10-01', 35, 0, 0, 35, 0),
	(3068, 256, '2020-11-01', 65, 0, 0, 65, 0),
	(3069, 256, '2020-12-01', 34, 0, 0, 34, 0),
	(3070, 257, '2020-06-01', 0, 0, 0, 0, 0),
	(3071, 258, '2020-06-01', 0, 0, 0, 0, 0),
	(3072, 259, '2020-06-01', 0, 0, 0, 0, 0),
	(3073, 260, '2020-01-01', 4, 0, 0, 4, 0),
	(3074, 260, '2020-02-01', 3, 0, 0, 3, 0),
	(3075, 260, '2020-03-01', 5, 0, 0, 5, 0),
	(3076, 260, '2020-04-01', 4, 0, 0, 4, 0),
	(3077, 260, '2020-05-01', 4, 0, 0, 4, 0),
	(3078, 260, '2020-06-01', 3, 0, 0, 3, 0),
	(3079, 260, '2020-07-01', 3, 0, 0, 3, 0),
	(3080, 260, '2020-08-01', 2, 0, 0, 2, 0),
	(3081, 260, '2020-09-01', 7, 0, 0, 7, 0),
	(3082, 260, '2020-10-01', 3, 0, 0, 3, 0),
	(3083, 260, '2020-11-01', 6, 0, 0, 6, 0),
	(3084, 260, '2020-12-01', 3, 0, 0, 3, 0);
/*!40000 ALTER TABLE `presupuesto_mes` ENABLE KEYS */;

-- Volcando estructura para tabla presupuestos_ventas.segmento
DROP TABLE IF EXISTS `segmento`;
CREATE TABLE IF NOT EXISTS `segmento` (
  `codSeg` varchar(50) NOT NULL DEFAULT '0',
  `desSeg` varchar(50) DEFAULT NULL,
  PRIMARY KEY (`codSeg`)
) ENGINE=InnoDB DEFAULT CHARSET=utf8;

-- Volcando datos para la tabla presupuestos_ventas.segmento: ~17 rows (aproximadamente)
/*!40000 ALTER TABLE `segmento` DISABLE KEYS */;
INSERT INTO `segmento` (`codSeg`, `desSeg`) VALUES
	('0', 'ND'),
	('1', 'CALL CENTER DISTRIBUIDORES'),
	('10', 'COBERTURA SEG 3-4-5'),
	('11', 'OTRAS VENTAS'),
	('12', 'OTROS CANALES'),
	('13', 'PUNTOS DE SERVICIO'),
	('14', 'SEG 5'),
	('15', 'SERVICIO DOMICILIO'),
	('16', 'SUPERMERCADOS'),
	('2', 'CALL CENTER INSTITUCIONAL'),
	('3', 'COBERTURA SEG 0-1-2'),
	('4', 'COBERTURA SEG 3-4-5'),
	('5', 'COBERTURA SEG 0-1-3'),
	('6', 'COBERTURA SEG 0-1-4'),
	('7', 'COBERTURA SEG 0-1-5'),
	('8', 'COBERTURA SEG 0-1-6'),
	('9', 'COBERTURA SEG 0-1-7');
/*!40000 ALTER TABLE `segmento` ENABLE KEYS */;

-- Volcando estructura para tabla presupuestos_ventas.vendedor
DROP TABLE IF EXISTS `vendedor`;
CREATE TABLE IF NOT EXISTS `vendedor` (
  `codVen` varchar(50) NOT NULL DEFAULT '0',
  `nomVen` varchar(200) NOT NULL,
  `estadoVen` binary(1) NOT NULL DEFAULT '1',
  `codSeg` varchar(50) NOT NULL DEFAULT '0',
  PRIMARY KEY (`codVen`),
  KEY `FK_vendedor_segmento` (`codSeg`),
  CONSTRAINT `FK_vendedor_segmento` FOREIGN KEY (`codSeg`) REFERENCES `segmento` (`codSeg`)
) ENGINE=InnoDB DEFAULT CHARSET=utf8;

-- Volcando datos para la tabla presupuestos_ventas.vendedor: ~43 rows (aproximadamente)
/*!40000 ALTER TABLE `vendedor` DISABLE KEYS */;
INSERT INTO `vendedor` (`codVen`, `nomVen`, `estadoVen`, `codSeg`) VALUES
	('100', 'FABRIBAT CIA LTDA', _binary 0x31, '12'),
	('102', '200 FACTURACION QUINCHE', _binary 0x31, '13'),
	('104', 'CALLCENTER DISTRIBUIDORES GYE', _binary 0x31, '1'),
	('130', '280 FACTURACION MANTA', _binary 0x31, '13'),
	('15', '30 FACTURADORA CUENCA', _binary 0x31, '13'),
	('150', 'VENTA DOMICILIO GUAYAQUIL', _binary 0x31, '15'),
	('18', '10 FACTURADORA OCCIDENTAL', _binary 0x31, '13'),
	('210', 'SUPERMERCADOS', _binary 0x31, '16'),
	('220', 'VENDEDOR GUAYAQUIL', _binary 0x31, '0'),
	('25', '20 FACTURADORA GUAYAQUIL', _binary 0x31, '13'),
	('28', 'EMPLEADOS', _binary 0x31, '12'),
	('36', '210 FACTURACION AMBATO', _binary 0x31, '13'),
	('40', 'CUENTAS CLAVES NORTE', _binary 0x31, '4'),
	('50', '100 FACTURACION SUR', _binary 0x31, '13'),
	('51', '140 FACTURACION TUMBACO 1', _binary 0x31, '13'),
	('52', '160 FACTURACION SAN RAFAEL 1', _binary 0x31, '13'),
	('58', '270 FACTURACION GYE CENTRO', _binary 0x31, '13'),
	('59', 'VENDEDOR IBARRA TULCAN', _binary 0x31, '3'),
	('62', '70 FACTURACION UIO NORTE', _binary 0x31, '13'),
	('63', 'VENDEDOR STO DGO ESMERALDAS', _binary 0x31, '3'),
	('65', 'VENDEDOR MANABI', _binary 0x31, '3'),
	('66', 'CLIENTES SEG 5', _binary 0x31, '14'),
	('67', '240 FACTURACION STO DOMINGO 1', _binary 0x31, '13'),
	('68', '40 FACTURACION CARAPUNGO 1', _binary 0x31, '13'),
	('70', '220 FACTURACION IBARRA', _binary 0x31, '13'),
	('71', 'VENTA DOMICILIO OCCIDENTAL', _binary 0x31, '15'),
	('75', 'VENDEDOR CUENCA', _binary 0x31, '3'),
	('76', ' VENDEDOR ZONA CENTRAL ', _binary 0x31, '3'),
	('79', 'CALLCENTER INSTITUCIONAL', _binary 0x31, '0'),
	('80', 'CALLCENTER DISTRIBUIDORES', _binary 0x31, '1'),
	('82', 'VENDEDOR COCA LAGO AGRIO', _binary 0x31, '3'),
	('83', '150 FACTURACION TUMBACO 2', _binary 0x31, '13'),
	('84', '170 FACTURACION SAN RAFAEL 2', _binary 0x31, '13'),
	('85', '130 FACTURACION GUAMANI', _binary 0x31, '13'),
	('87', 'MICHAEL HUFF', _binary 0x31, '11'),
	('88', '60 FACTURACION OFELIA', _binary 0x31, '13'),
	('89', '90 FACTURACION VILLAFLORA', _binary 0x31, '13'),
	('90', '180 FACTURACION SANGOLQUI', _binary 0x31, '13'),
	('91', '80 FACTURACION INCA', _binary 0x31, '13'),
	('92', '260 FACTURACION ESMERALDAS', _binary 0x31, '13'),
	('93', 'CUENTAS CLAVES SUR', _binary 0x31, '4'),
	('94', '50 FACTURACION CARAPUNGO 2', _binary 0x31, '13'),
	('97', '110 FACTURACION MARISCAL', _binary 0x31, '13');
/*!40000 ALTER TABLE `vendedor` ENABLE KEYS */;

/*!40101 SET SQL_MODE=IFNULL(@OLD_SQL_MODE, '') */;
/*!40014 SET FOREIGN_KEY_CHECKS=IF(@OLD_FOREIGN_KEY_CHECKS IS NULL, 1, @OLD_FOREIGN_KEY_CHECKS) */;
/*!40101 SET CHARACTER_SET_CLIENT=@OLD_CHARACTER_SET_CLIENT */;
